"Region";"Dato";"Bekræftede tilfælde"
Sjælland;2020-02-26;1
Hovedstaden;2020-02-27;1
Midtjylland;2020-02-28;1
Hovedstaden;2020-03-01;1
Hovedstaden;2020-03-02;2
Sjælland;2020-03-02;1
Syddanmark;2020-03-02;1
Hovedstaden;2020-03-03;4
Hovedstaden;2020-03-04;2
Sjælland;2020-03-04;1
Hovedstaden;2020-03-05;10
Nordjylland;2020-03-06;1
Sjælland;2020-03-06;1
Hovedstaden;2020-03-07;8
Midtjylland;2020-03-07;1
Hovedstaden;2020-03-08;12
Midtjylland;2020-03-08;22
Nordjylland;2020-03-08;1
Sjælland;2020-03-08;4
Syddanmark;2020-03-08;9
Hovedstaden;2020-03-09;71
Midtjylland;2020-03-09;45
Nordjylland;2020-03-09;8
Sjælland;2020-03-09;37
Syddanmark;2020-03-09;49
Hovedstaden;2020-03-10;116
Midtjylland;2020-03-10;72
Nordjylland;2020-03-10;13
Sjælland;2020-03-10;27
Syddanmark;2020-03-10;27
Hovedstaden;2020-03-11;88
Midtjylland;2020-03-11;25
Nordjylland;2020-03-11;23
Sjælland;2020-03-11;27
Syddanmark;2020-03-11;43
Hovedstaden;2020-03-12;18
Midtjylland;2020-03-12;8
Nordjylland;2020-03-12;1
Sjælland;2020-03-12;6
Syddanmark;2020-03-12;8
Hovedstaden;2020-03-13;21
Midtjylland;2020-03-13;7
Nordjylland;2020-03-13;1
Sjælland;2020-03-13;3
Syddanmark;2020-03-13;1
Hovedstaden;2020-03-14;16
Midtjylland;2020-03-14;6
Nordjylland;2020-03-14;3
Sjælland;2020-03-14;7
Syddanmark;2020-03-14;5
Hovedstaden;2020-03-15;25
Midtjylland;2020-03-15;4
Nordjylland;2020-03-15;3
Sjælland;2020-03-15;10
Syddanmark;2020-03-15;3
Hovedstaden;2020-03-16;50
Midtjylland;2020-03-16;2
Nordjylland;2020-03-16;1
Sjælland;2020-03-16;15
Syddanmark;2020-03-16;6
Hovedstaden;2020-03-17;49
Midtjylland;2020-03-17;7
Nordjylland;2020-03-17;4
Sjælland;2020-03-17;10
Syddanmark;2020-03-17;6
Hovedstaden;2020-03-18;48
Midtjylland;2020-03-18;11
Nordjylland;2020-03-18;6
Sjælland;2020-03-18;14
Syddanmark;2020-03-18;4
Hovedstaden;2020-03-19;55
Midtjylland;2020-03-19;24
Nordjylland;2020-03-19;5
Sjælland;2020-03-19;6
Syddanmark;2020-03-19;16
Hovedstaden;2020-03-20;55
Midtjylland;2020-03-20;9
Nordjylland;2020-03-20;5
Sjælland;2020-03-20;19
Syddanmark;2020-03-20;14
Hovedstaden;2020-03-21;28
Midtjylland;2020-03-21;5
Nordjylland;2020-03-21;1
Sjælland;2020-03-21;8
Syddanmark;2020-03-21;6
Hovedstaden;2020-03-22;35
Midtjylland;2020-03-22;9
Nordjylland;2020-03-22;2
Sjælland;2020-03-22;11
Syddanmark;2020-03-22;5
Hovedstaden;2020-03-23;72
Midtjylland;2020-03-23;21
Nordjylland;2020-03-23;10
Sjælland;2020-03-23;17
Syddanmark;2020-03-23;11
Hovedstaden;2020-03-24;74
Midtjylland;2020-03-24;16
Nordjylland;2020-03-24;7
Sjælland;2020-03-24;18
Syddanmark;2020-03-24;23
Hovedstaden;2020-03-25;73
Midtjylland;2020-03-25;22
Nordjylland;2020-03-25;8
Sjælland;2020-03-25;29
Syddanmark;2020-03-25;19
Hovedstaden;2020-03-26;89
Midtjylland;2020-03-26;27
Nordjylland;2020-03-26;12
Sjælland;2020-03-26;19
Syddanmark;2020-03-26;23
Hovedstaden;2020-03-27;121
Midtjylland;2020-03-27;25
Nordjylland;2020-03-27;10
Sjælland;2020-03-27;28
Syddanmark;2020-03-27;31
Hovedstaden;2020-03-28;121
Midtjylland;2020-03-28;21
Nordjylland;2020-03-28;11
Sjælland;2020-03-28;24
Syddanmark;2020-03-28;23
Hovedstaden;2020-03-29;83
Midtjylland;2020-03-29;8
Nordjylland;2020-03-29;9
Sjælland;2020-03-29;15
Syddanmark;2020-03-29;12
Hovedstaden;2020-03-30;161
Midtjylland;2020-03-30;41
Nordjylland;2020-03-30;11
Sjælland;2020-03-30;56
Syddanmark;2020-03-30;40
Hovedstaden;2020-03-31;124
Midtjylland;2020-03-31;50
Nordjylland;2020-03-31;18
Sjælland;2020-03-31;38
Syddanmark;2020-03-31;24
Hovedstaden;2020-04-01;140
Midtjylland;2020-04-01;54
Nordjylland;2020-04-01;16
Sjælland;2020-04-01;33
Syddanmark;2020-04-01;36
Hovedstaden;2020-04-02;186
Midtjylland;2020-04-02;50
Nordjylland;2020-04-02;26
Sjælland;2020-04-02;65
Syddanmark;2020-04-02;53
Hovedstaden;2020-04-03;258
Midtjylland;2020-04-03;71
Nordjylland;2020-04-03;28
Sjælland;2020-04-03;52
Syddanmark;2020-04-03;62
Hovedstaden;2020-04-04;213
Midtjylland;2020-04-04;30
Nordjylland;2020-04-04;8
Sjælland;2020-04-04;26
Syddanmark;2020-04-04;16
Hovedstaden;2020-04-05;102
Midtjylland;2020-04-05;20
Nordjylland;2020-04-05;5
Sjælland;2020-04-05;18
Syddanmark;2020-04-05;12
Hovedstaden;2020-04-06;221
Midtjylland;2020-04-06;71
Nordjylland;2020-04-06;21
Sjælland;2020-04-06;63
Syddanmark;2020-04-06;47
Hovedstaden;2020-04-07;182
Midtjylland;2020-04-07;66
Nordjylland;2020-04-07;9
Sjælland;2020-04-07;53
Syddanmark;2020-04-07;35
Hovedstaden;2020-04-08;166
Midtjylland;2020-04-08;50
Nordjylland;2020-04-08;7
Sjælland;2020-04-08;52
Syddanmark;2020-04-08;19
Hovedstaden;2020-04-09;74
Midtjylland;2020-04-09;23
Nordjylland;2020-04-09;8
Sjælland;2020-04-09;19
Syddanmark;2020-04-09;12
Hovedstaden;2020-04-10;88
Midtjylland;2020-04-10;17
Nordjylland;2020-04-10;7
Sjælland;2020-04-10;21
Syddanmark;2020-04-10;7
Hovedstaden;2020-04-11;74
Midtjylland;2020-04-11;34
Nordjylland;2020-04-11;2
Sjælland;2020-04-11;15
Syddanmark;2020-04-11;14
Hovedstaden;2020-04-12;95
Midtjylland;2020-04-12;21
Nordjylland;2020-04-12;8
Sjælland;2020-04-12;19
Syddanmark;2020-04-12;13
Hovedstaden;2020-04-13;96
Midtjylland;2020-04-13;31
Nordjylland;2020-04-13;5
Sjælland;2020-04-13;18
Syddanmark;2020-04-13;6
Hovedstaden;2020-04-14;134
Midtjylland;2020-04-14;46
Nordjylland;2020-04-14;2
Sjælland;2020-04-14;51
Syddanmark;2020-04-14;25
Hovedstaden;2020-04-15;119
Midtjylland;2020-04-15;27
Nordjylland;2020-04-15;8
Sjælland;2020-04-15;30
Syddanmark;2020-04-15;14
Hovedstaden;2020-04-16;90
Midtjylland;2020-04-16;42
Nordjylland;2020-04-16;5
Sjælland;2020-04-16;24
Syddanmark;2020-04-16;17
Hovedstaden;2020-04-17;88
Midtjylland;2020-04-17;23
Nordjylland;2020-04-17;4
Sjælland;2020-04-17;43
Syddanmark;2020-04-17;10
Hovedstaden;2020-04-18;60
Midtjylland;2020-04-18;17
Nordjylland;2020-04-18;2
Sjælland;2020-04-18;22
Syddanmark;2020-04-18;3
Hovedstaden;2020-04-19;61
Midtjylland;2020-04-19;15
Nordjylland;2020-04-19;2
Sjælland;2020-04-19;29
Syddanmark;2020-04-19;4
Hovedstaden;2020-04-20;139
Midtjylland;2020-04-20;26
Nordjylland;2020-04-20;6
Sjælland;2020-04-20;36
Syddanmark;2020-04-20;6
Hovedstaden;2020-04-21;119
Midtjylland;2020-04-21;18
Nordjylland;2020-04-21;5
Sjælland;2020-04-21;46
Syddanmark;2020-04-21;12
Hovedstaden;2020-04-22;153
Midtjylland;2020-04-22;32
Nordjylland;2020-04-22;5
Sjælland;2020-04-22;34
Syddanmark;2020-04-22;2
Hovedstaden;2020-04-23;138
Midtjylland;2020-04-23;32
Nordjylland;2020-04-23;3
Sjælland;2020-04-23;50
Syddanmark;2020-04-23;8
Hovedstaden;2020-04-24;95
Midtjylland;2020-04-24;27
Nordjylland;2020-04-24;2
Sjælland;2020-04-24;35
Syddanmark;2020-04-24;5
Hovedstaden;2020-04-25;69
Midtjylland;2020-04-25;29
Nordjylland;2020-04-25;5
Sjælland;2020-04-25;23
Syddanmark;2020-04-25;8
Hovedstaden;2020-04-26;75
Midtjylland;2020-04-26;15
Nordjylland;2020-04-26;4
Sjælland;2020-04-26;18
Syddanmark;2020-04-26;7
Hovedstaden;2020-04-27;129
Midtjylland;2020-04-27;18
Nordjylland;2020-04-27;5
Sjælland;2020-04-27;61
Syddanmark;2020-04-27;4
Hovedstaden;2020-04-28;83
Midtjylland;2020-04-28;24
Sjælland;2020-04-28;29
Hovedstaden;2020-04-29;92
Midtjylland;2020-04-29;17
Nordjylland;2020-04-29;3
Sjælland;2020-04-29;21
Syddanmark;2020-04-29;6
Hovedstaden;2020-04-30;95
Midtjylland;2020-04-30;13
Nordjylland;2020-04-30;5
Sjælland;2020-04-30;31
Syddanmark;2020-04-30;2
Hovedstaden;2020-05-01;83
Midtjylland;2020-05-01;16
Nordjylland;2020-05-01;19
Sjælland;2020-05-01;25
Syddanmark;2020-05-01;5
Hovedstaden;2020-05-02;58
Midtjylland;2020-05-02;20
Nordjylland;2020-05-02;2
Sjælland;2020-05-02;29
Syddanmark;2020-05-02;6
Hovedstaden;2020-05-03;50
Midtjylland;2020-05-03;10
Nordjylland;2020-05-03;2
Sjælland;2020-05-03;11
Syddanmark;2020-05-03;5
Hovedstaden;2020-05-04;79
Midtjylland;2020-05-04;8
Sjælland;2020-05-04;29
Syddanmark;2020-05-04;4
Hovedstaden;2020-05-05;72
Midtjylland;2020-05-05;8
Nordjylland;2020-05-05;2
Sjælland;2020-05-05;35
Syddanmark;2020-05-05;5
Hovedstaden;2020-05-06;82
Midtjylland;2020-05-06;6
Sjælland;2020-05-06;15
Syddanmark;2020-05-06;2
Hovedstaden;2020-05-07;76
Midtjylland;2020-05-07;10
Nordjylland;2020-05-07;1
Sjælland;2020-05-07;32
Syddanmark;2020-05-07;3
Hovedstaden;2020-05-08;52
Midtjylland;2020-05-08;5
Sjælland;2020-05-08;9
Syddanmark;2020-05-08;3
Hovedstaden;2020-05-09;48
Midtjylland;2020-05-09;4
Nordjylland;2020-05-09;1
Sjælland;2020-05-09;11
Hovedstaden;2020-05-10;38
Midtjylland;2020-05-10;3
Nordjylland;2020-05-10;4
Sjælland;2020-05-10;8
Syddanmark;2020-05-10;4
Hovedstaden;2020-05-11;50
Midtjylland;2020-05-11;3
Nordjylland;2020-05-11;1
Sjælland;2020-05-11;12
Syddanmark;2020-05-11;12
Hovedstaden;2020-05-12;35
Midtjylland;2020-05-12;1
Nordjylland;2020-05-12;1
Sjælland;2020-05-12;10
Syddanmark;2020-05-12;9
Hovedstaden;2020-05-13;41
Midtjylland;2020-05-13;4
Nordjylland;2020-05-13;1
Sjælland;2020-05-13;13
Syddanmark;2020-05-13;6
Hovedstaden;2020-05-14;35
Midtjylland;2020-05-14;4
Sjælland;2020-05-14;14
Syddanmark;2020-05-14;8
Hovedstaden;2020-05-15;58
Midtjylland;2020-05-15;4
Nordjylland;2020-05-15;1
Sjælland;2020-05-15;14
Syddanmark;2020-05-15;12
Hovedstaden;2020-05-16;18
Midtjylland;2020-05-16;4
Nordjylland;2020-05-16;1
Sjælland;2020-05-16;8
Syddanmark;2020-05-16;3
Hovedstaden;2020-05-17;31
Midtjylland;2020-05-17;8
Sjælland;2020-05-17;7
Syddanmark;2020-05-17;4
Hovedstaden;2020-05-18;54
Midtjylland;2020-05-18;7
Nordjylland;2020-05-18;1
Sjælland;2020-05-18;8
Syddanmark;2020-05-18;10
Hovedstaden;2020-05-19;41
Midtjylland;2020-05-19;5
Nordjylland;2020-05-19;2
Sjælland;2020-05-19;8
Syddanmark;2020-05-19;4
Hovedstaden;2020-05-20;52
Nordjylland;2020-05-20;1
Sjælland;2020-05-20;12
Syddanmark;2020-05-20;4
Hovedstaden;2020-05-21;24
Midtjylland;2020-05-21;1
Nordjylland;2020-05-21;1
Sjælland;2020-05-21;5
Hovedstaden;2020-05-22;48
Midtjylland;2020-05-22;3
Nordjylland;2020-05-22;2
Sjælland;2020-05-22;14
Syddanmark;2020-05-22;4
Hovedstaden;2020-05-23;29
Midtjylland;2020-05-23;2
Sjælland;2020-05-23;4
Hovedstaden;2020-05-24;28
Sjælland;2020-05-24;5
Syddanmark;2020-05-24;1
Hovedstaden;2020-05-25;43
Midtjylland;2020-05-25;1
Nordjylland;2020-05-25;1
Sjælland;2020-05-25;5
Syddanmark;2020-05-25;2
Hovedstaden;2020-05-26;46
Midtjylland;2020-05-26;2
Nordjylland;2020-05-26;2
Sjælland;2020-05-26;7
Syddanmark;2020-05-26;5
Hovedstaden;2020-05-27;42
Midtjylland;2020-05-27;2
Sjælland;2020-05-27;8
Hovedstaden;2020-05-28;28
Sjælland;2020-05-28;7
Syddanmark;2020-05-28;2
Hovedstaden;2020-05-29;28
Sjælland;2020-05-29;11
Syddanmark;2020-05-29;3
Hovedstaden;2020-05-30;23
Sjælland;2020-05-30;9
Syddanmark;2020-05-30;1
Hovedstaden;2020-05-31;16
Sjælland;2020-05-31;6
Hovedstaden;2020-06-01;22
Midtjylland;2020-06-01;3
Sjælland;2020-06-01;8
Syddanmark;2020-06-01;2
Hovedstaden;2020-06-02;32
Midtjylland;2020-06-02;3
Sjælland;2020-06-02;16
Syddanmark;2020-06-02;4
Hovedstaden;2020-06-03;33
Sjælland;2020-06-03;18
Syddanmark;2020-06-03;1
Hovedstaden;2020-06-04;26
Midtjylland;2020-06-04;5
Sjælland;2020-06-04;6
Syddanmark;2020-06-04;4
Hovedstaden;2020-06-05;28
Sjælland;2020-06-05;4
Syddanmark;2020-06-05;2
Hovedstaden;2020-06-06;11
Midtjylland;2020-06-06;1
Sjælland;2020-06-06;2
Syddanmark;2020-06-06;1
Hovedstaden;2020-06-07;14
Hovedstaden;2020-06-08;29
Midtjylland;2020-06-08;3
Nordjylland;2020-06-08;1
Sjælland;2020-06-08;2
Syddanmark;2020-06-08;8
Hovedstaden;2020-06-09;21
Midtjylland;2020-06-09;1
Sjælland;2020-06-09;4
Syddanmark;2020-06-09;2
Hovedstaden;2020-06-10;19
Midtjylland;2020-06-10;2
Nordjylland;2020-06-10;9
Sjælland;2020-06-10;7
Syddanmark;2020-06-10;1
Hovedstaden;2020-06-11;36
Midtjylland;2020-06-11;1
Nordjylland;2020-06-11;2
Sjælland;2020-06-11;9
Hovedstaden;2020-06-12;26
Midtjylland;2020-06-12;4
Nordjylland;2020-06-12;25
Sjælland;2020-06-12;4
Syddanmark;2020-06-12;1
Hovedstaden;2020-06-13;19
Midtjylland;2020-06-13;2
Sjælland;2020-06-13;6
Hovedstaden;2020-06-14;9
Midtjylland;2020-06-14;1
Nordjylland;2020-06-14;8
Sjælland;2020-06-14;2
Hovedstaden;2020-06-15;31
Midtjylland;2020-06-15;1
Nordjylland;2020-06-15;3
Sjælland;2020-06-15;4
Hovedstaden;2020-06-16;25
Midtjylland;2020-06-16;5
Nordjylland;2020-06-16;7
Sjælland;2020-06-16;7
Syddanmark;2020-06-16;1
Hovedstaden;2020-06-17;41
Midtjylland;2020-06-17;3
Nordjylland;2020-06-17;16
Sjælland;2020-06-17;12
Syddanmark;2020-06-17;2
Hovedstaden;2020-06-18;35
Midtjylland;2020-06-18;1
Nordjylland;2020-06-18;2
Sjælland;2020-06-18;6
Syddanmark;2020-06-18;1
Hovedstaden;2020-06-19;24
Midtjylland;2020-06-19;2
Nordjylland;2020-06-19;1
Sjælland;2020-06-19;15
Hovedstaden;2020-06-20;30
Midtjylland;2020-06-20;2
Nordjylland;2020-06-20;2
Sjælland;2020-06-20;4
Hovedstaden;2020-06-21;25
Midtjylland;2020-06-21;1
Nordjylland;2020-06-21;3
Sjælland;2020-06-21;1
Syddanmark;2020-06-21;1
Hovedstaden;2020-06-22;39
Midtjylland;2020-06-22;1
Nordjylland;2020-06-22;3
Sjælland;2020-06-22;2
Hovedstaden;2020-06-23;8
Midtjylland;2020-06-23;4
Nordjylland;2020-06-23;4
Sjælland;2020-06-23;1
Syddanmark;2020-06-23;2
Hovedstaden;2020-06-24;15
Midtjylland;2020-06-24;3
Nordjylland;2020-06-24;17
Sjælland;2020-06-24;5
Syddanmark;2020-06-24;5
Hovedstaden;2020-06-25;18
Midtjylland;2020-06-25;5
Nordjylland;2020-06-25;5
Sjælland;2020-06-25;1
Syddanmark;2020-06-25;1
Hovedstaden;2020-06-26;12
Midtjylland;2020-06-26;3
Nordjylland;2020-06-26;2
Sjælland;2020-06-26;2
Syddanmark;2020-06-26;1
Hovedstaden;2020-06-27;6
Midtjylland;2020-06-27;3
Nordjylland;2020-06-27;9
Hovedstaden;2020-06-28;5
Midtjylland;2020-06-28;4
Nordjylland;2020-06-28;1
Syddanmark;2020-06-28;1
Hovedstaden;2020-06-29;20
Midtjylland;2020-06-29;1
Nordjylland;2020-06-29;2
Sjælland;2020-06-29;2
Syddanmark;2020-06-29;2
Hovedstaden;2020-06-30;10
Midtjylland;2020-06-30;2
Nordjylland;2020-06-30;6
Sjælland;2020-06-30;4
Syddanmark;2020-06-30;1
Hovedstaden;2020-07-01;6
Midtjylland;2020-07-01;2
Nordjylland;2020-07-01;2
Hovedstaden;2020-07-02;14
Midtjylland;2020-07-02;1
Hovedstaden;2020-07-03;11
Midtjylland;2020-07-03;1
Nordjylland;2020-07-03;5
Hovedstaden;2020-07-04;10
Nordjylland;2020-07-04;1
Syddanmark;2020-07-04;2
Hovedstaden;2020-07-05;8
Midtjylland;2020-07-05;1
Nordjylland;2020-07-05;1
Syddanmark;2020-07-05;1
Hovedstaden;2020-07-06;5
Nordjylland;2020-07-06;2
Sjælland;2020-07-06;1
Syddanmark;2020-07-06;1
Hovedstaden;2020-07-07;9
Midtjylland;2020-07-07;1
Nordjylland;2020-07-07;2
Syddanmark;2020-07-07;1
Hovedstaden;2020-07-08;19
Midtjylland;2020-07-08;1
Nordjylland;2020-07-08;3
Sjælland;2020-07-08;2
Syddanmark;2020-07-08;1
Hovedstaden;2020-07-09;22
Midtjylland;2020-07-09;4
Nordjylland;2020-07-09;6
Sjælland;2020-07-09;9
Hovedstaden;2020-07-10;23
Nordjylland;2020-07-10;3
Sjælland;2020-07-10;4
Syddanmark;2020-07-10;3
Hovedstaden;2020-07-11;20
Sjælland;2020-07-11;2
Syddanmark;2020-07-11;2
Hovedstaden;2020-07-12;14
Midtjylland;2020-07-12;1
Nordjylland;2020-07-12;2
Sjælland;2020-07-12;5
Hovedstaden;2020-07-13;15
Midtjylland;2020-07-13;6
Sjælland;2020-07-13;9
Syddanmark;2020-07-13;2
Hovedstaden;2020-07-14;19
Midtjylland;2020-07-14;4
Nordjylland;2020-07-14;1
Sjælland;2020-07-14;5
Syddanmark;2020-07-14;4
Hovedstaden;2020-07-15;31
Midtjylland;2020-07-15;3
Nordjylland;2020-07-15;2
Sjælland;2020-07-15;4
Syddanmark;2020-07-15;2
Hovedstaden;2020-07-16;33
Midtjylland;2020-07-16;5
Sjælland;2020-07-16;9
Syddanmark;2020-07-16;5
Hovedstaden;2020-07-17;19
Midtjylland;2020-07-17;1
Nordjylland;2020-07-17;2
Sjælland;2020-07-17;10
Hovedstaden;2020-07-18;30
Sjælland;2020-07-18;13
Hovedstaden;2020-07-19;18
Midtjylland;2020-07-19;1
Nordjylland;2020-07-19;2
Sjælland;2020-07-19;7
Hovedstaden;2020-07-20;21
Midtjylland;2020-07-20;3
Sjælland;2020-07-20;7
Syddanmark;2020-07-20;1
Hovedstaden;2020-07-21;27
Midtjylland;2020-07-21;2
Nordjylland;2020-07-21;3
Sjælland;2020-07-21;4
Hovedstaden;2020-07-22;22
Nordjylland;2020-07-22;4
Sjælland;2020-07-22;6
Syddanmark;2020-07-22;2
Hovedstaden;2020-07-23;36
Midtjylland;2020-07-23;2
Nordjylland;2020-07-23;3
Sjælland;2020-07-23;5
Syddanmark;2020-07-23;5
Hovedstaden;2020-07-24;21
Midtjylland;2020-07-24;8
Nordjylland;2020-07-24;1
Sjælland;2020-07-24;2
Syddanmark;2020-07-24;4
Hovedstaden;2020-07-25;9
Midtjylland;2020-07-25;5
Nordjylland;2020-07-25;1
Sjælland;2020-07-25;9
Syddanmark;2020-07-25;3
Hovedstaden;2020-07-26;12
Midtjylland;2020-07-26;4
Nordjylland;2020-07-26;1
Sjælland;2020-07-26;2
Syddanmark;2020-07-26;4
Hovedstaden;2020-07-27;23
Midtjylland;2020-07-27;6
Nordjylland;2020-07-27;2
Sjælland;2020-07-27;22
Syddanmark;2020-07-27;10
Hovedstaden;2020-07-28;30
Midtjylland;2020-07-28;12
Nordjylland;2020-07-28;4
Sjælland;2020-07-28;26
Syddanmark;2020-07-28;5
Hovedstaden;2020-07-29;22
Midtjylland;2020-07-29;10
Nordjylland;2020-07-29;5
Sjælland;2020-07-29;13
Syddanmark;2020-07-29;9
Hovedstaden;2020-07-30;26
Midtjylland;2020-07-30;21
Nordjylland;2020-07-30;4
Sjælland;2020-07-30;26
Syddanmark;2020-07-30;7
Hovedstaden;2020-07-31;13
Midtjylland;2020-07-31;18
Nordjylland;2020-07-31;3
Sjælland;2020-07-31;13
Syddanmark;2020-07-31;11
Hovedstaden;2020-08-01;10
Midtjylland;2020-08-01;30
Nordjylland;2020-08-01;4
Sjælland;2020-08-01;14
Syddanmark;2020-08-01;6
Hovedstaden;2020-08-02;21
Midtjylland;2020-08-02;39
Nordjylland;2020-08-02;6
Sjælland;2020-08-02;9
Syddanmark;2020-08-02;3
Hovedstaden;2020-08-03;21
Midtjylland;2020-08-03;53
Nordjylland;2020-08-03;5
Sjælland;2020-08-03;29
Syddanmark;2020-08-03;9
Hovedstaden;2020-08-04;25
Midtjylland;2020-08-04;59
Nordjylland;2020-08-04;4
Sjælland;2020-08-04;21
Syddanmark;2020-08-04;12
Hovedstaden;2020-08-05;29
Midtjylland;2020-08-05;66
Nordjylland;2020-08-05;4
Sjælland;2020-08-05;8
Syddanmark;2020-08-05;9
Hovedstaden;2020-08-06;35
Midtjylland;2020-08-06;86
Nordjylland;2020-08-06;4
Sjælland;2020-08-06;32
Syddanmark;2020-08-06;14
Hovedstaden;2020-08-07;20
Midtjylland;2020-08-07;106
Nordjylland;2020-08-07;4
Sjælland;2020-08-07;7
Syddanmark;2020-08-07;4
Hovedstaden;2020-08-08;19
Midtjylland;2020-08-08;57
Nordjylland;2020-08-08;2
Sjælland;2020-08-08;8
Syddanmark;2020-08-08;3
Hovedstaden;2020-08-09;41
Midtjylland;2020-08-09;65
Nordjylland;2020-08-09;9
Sjælland;2020-08-09;4
Syddanmark;2020-08-09;10
Hovedstaden;2020-08-10;43
Midtjylland;2020-08-10;80
Nordjylland;2020-08-10;7
Sjælland;2020-08-10;10
Syddanmark;2020-08-10;12
Hovedstaden;2020-08-11;40
Midtjylland;2020-08-11;67
Nordjylland;2020-08-11;2
Sjælland;2020-08-11;18
Syddanmark;2020-08-11;9
Hovedstaden;2020-08-12;48
Midtjylland;2020-08-12;81
Nordjylland;2020-08-12;19
Sjælland;2020-08-12;5
Syddanmark;2020-08-12;7
Hovedstaden;2020-08-13;34
Midtjylland;2020-08-13;60
Nordjylland;2020-08-13;8
Sjælland;2020-08-13;2
Syddanmark;2020-08-13;12
Hovedstaden;2020-08-14;48
Midtjylland;2020-08-14;30
Nordjylland;2020-08-14;8
Sjælland;2020-08-14;14
Syddanmark;2020-08-14;10
Hovedstaden;2020-08-15;25
Midtjylland;2020-08-15;78
Nordjylland;2020-08-15;6
Sjælland;2020-08-15;6
Syddanmark;2020-08-15;11
Hovedstaden;2020-08-16;30
Midtjylland;2020-08-16;32
Nordjylland;2020-08-16;10
Sjælland;2020-08-16;7
Syddanmark;2020-08-16;11
Hovedstaden;2020-08-17;29
Midtjylland;2020-08-17;43
Nordjylland;2020-08-17;8
Sjælland;2020-08-17;6
Syddanmark;2020-08-17;10
Hovedstaden;2020-08-18;40
Midtjylland;2020-08-18;41
Nordjylland;2020-08-18;7
Sjælland;2020-08-18;14
Syddanmark;2020-08-18;10
Hovedstaden;2020-08-19;34
Midtjylland;2020-08-19;27
Nordjylland;2020-08-19;8
Sjælland;2020-08-19;4
Syddanmark;2020-08-19;13
Hovedstaden;2020-08-20;24
Midtjylland;2020-08-20;31
Nordjylland;2020-08-20;4
Sjælland;2020-08-20;11
Syddanmark;2020-08-20;11
Hovedstaden;2020-08-21;29
Midtjylland;2020-08-21;27
Nordjylland;2020-08-21;7
Sjælland;2020-08-21;5
Syddanmark;2020-08-21;15
Hovedstaden;2020-08-22;29
Midtjylland;2020-08-22;29
Nordjylland;2020-08-22;6
Sjælland;2020-08-22;5
Syddanmark;2020-08-22;19
Hovedstaden;2020-08-23;23
Midtjylland;2020-08-23;23
Nordjylland;2020-08-23;8
Sjælland;2020-08-23;4
Syddanmark;2020-08-23;15
Hovedstaden;2020-08-24;25
Midtjylland;2020-08-24;29
Nordjylland;2020-08-24;6
Sjælland;2020-08-24;6
Syddanmark;2020-08-24;6
Hovedstaden;2020-08-25;36
Midtjylland;2020-08-25;22
Nordjylland;2020-08-25;9
Sjælland;2020-08-25;4
Syddanmark;2020-08-25;10
Hovedstaden;2020-08-26;36
Midtjylland;2020-08-26;20
Nordjylland;2020-08-26;4
Sjælland;2020-08-26;9
Syddanmark;2020-08-26;10
Hovedstaden;2020-08-27;23
Midtjylland;2020-08-27;20
Nordjylland;2020-08-27;4
Sjælland;2020-08-27;7
Syddanmark;2020-08-27;15
Hovedstaden;2020-08-28;42
Midtjylland;2020-08-28;25
Nordjylland;2020-08-28;9
Sjælland;2020-08-28;9
Syddanmark;2020-08-28;22
Hovedstaden;2020-08-29;37
Midtjylland;2020-08-29;18
Nordjylland;2020-08-29;11
Sjælland;2020-08-29;2
Syddanmark;2020-08-29;14
Hovedstaden;2020-08-30;50
Midtjylland;2020-08-30;23
Nordjylland;2020-08-30;6
Sjælland;2020-08-30;5
Syddanmark;2020-08-30;19
Hovedstaden;2020-08-31;66
Midtjylland;2020-08-31;18
Nordjylland;2020-08-31;3
Sjælland;2020-08-31;9
Syddanmark;2020-08-31;22
Hovedstaden;2020-09-01;91
Midtjylland;2020-09-01;33
Nordjylland;2020-09-01;7
Sjælland;2020-09-01;16
Syddanmark;2020-09-01;51
Hovedstaden;2020-09-02;85
Midtjylland;2020-09-02;17
Nordjylland;2020-09-02;3
Sjælland;2020-09-02;14
Syddanmark;2020-09-02;36
Hovedstaden;2020-09-03;115
Midtjylland;2020-09-03;16
Nordjylland;2020-09-03;11
Sjælland;2020-09-03;15
Syddanmark;2020-09-03;35
Hovedstaden;2020-09-04;114
Midtjylland;2020-09-04;21
Nordjylland;2020-09-04;15
Sjælland;2020-09-04;23
Syddanmark;2020-09-04;26
Hovedstaden;2020-09-05;103
Midtjylland;2020-09-05;14
Nordjylland;2020-09-05;12
Sjælland;2020-09-05;17
Syddanmark;2020-09-05;51
Hovedstaden;2020-09-06;151
Midtjylland;2020-09-06;18
Nordjylland;2020-09-06;16
Sjælland;2020-09-06;18
Syddanmark;2020-09-06;19
Hovedstaden;2020-09-07;158
Midtjylland;2020-09-07;20
Nordjylland;2020-09-07;27
Sjælland;2020-09-07;66
Syddanmark;2020-09-07;24
Hovedstaden;2020-09-08;157
Midtjylland;2020-09-08;41
Nordjylland;2020-09-08;24
Sjælland;2020-09-08;50
Syddanmark;2020-09-08;55
Hovedstaden;2020-09-09;157
Midtjylland;2020-09-09;28
Nordjylland;2020-09-09;29
Sjælland;2020-09-09;24
Syddanmark;2020-09-09;55
Hovedstaden;2020-09-10;197
Midtjylland;2020-09-10;28
Nordjylland;2020-09-10;37
Sjælland;2020-09-10;50
Syddanmark;2020-09-10;55
Hovedstaden;2020-09-11;169
Midtjylland;2020-09-11;71
Nordjylland;2020-09-11;43
Sjælland;2020-09-11;21
Syddanmark;2020-09-11;42
Hovedstaden;2020-09-12;174
Midtjylland;2020-09-12;29
Nordjylland;2020-09-12;31
Sjælland;2020-09-12;23
Syddanmark;2020-09-12;44
Hovedstaden;2020-09-13;169
Midtjylland;2020-09-13;16
Nordjylland;2020-09-13;42
Sjælland;2020-09-13;17
Syddanmark;2020-09-13;52
Hovedstaden;2020-09-14;222
Midtjylland;2020-09-14;36
Nordjylland;2020-09-14;48
Sjælland;2020-09-14;31
Syddanmark;2020-09-14;43
Hovedstaden;2020-09-15;240
Midtjylland;2020-09-15;47
Nordjylland;2020-09-15;61
Sjælland;2020-09-15;37
Syddanmark;2020-09-15;50
Hovedstaden;2020-09-16;306
Midtjylland;2020-09-16;63
Nordjylland;2020-09-16;66
Sjælland;2020-09-16;46
Syddanmark;2020-09-16;68
Hovedstaden;2020-09-17;312
Midtjylland;2020-09-17;61
Nordjylland;2020-09-17;37
Sjælland;2020-09-17;44
Syddanmark;2020-09-17;62
Hovedstaden;2020-09-18;260
Midtjylland;2020-09-18;69
Nordjylland;2020-09-18;46
Sjælland;2020-09-18;48
Syddanmark;2020-09-18;52
Hovedstaden;2020-09-19;228
Midtjylland;2020-09-19;49
Nordjylland;2020-09-19;31
Sjælland;2020-09-19;48
Syddanmark;2020-09-19;60
Hovedstaden;2020-09-20;227
Midtjylland;2020-09-20;51
Nordjylland;2020-09-20;42
Sjælland;2020-09-20;46
Syddanmark;2020-09-20;42
Hovedstaden;2020-09-21;298
Midtjylland;2020-09-21;65
Nordjylland;2020-09-21;58
Sjælland;2020-09-21;56
Syddanmark;2020-09-21;58
Hovedstaden;2020-09-22;301
Midtjylland;2020-09-22;93
Nordjylland;2020-09-22;53
Sjælland;2020-09-22;68
Syddanmark;2020-09-22;72
Hovedstaden;2020-09-23;299
Midtjylland;2020-09-23;124
Nordjylland;2020-09-23;49
Sjælland;2020-09-23;95
Syddanmark;2020-09-23;84
Hovedstaden;2020-09-24;286
Midtjylland;2020-09-24;113
Nordjylland;2020-09-24;38
Sjælland;2020-09-24;81
Syddanmark;2020-09-24;80
Hovedstaden;2020-09-25;207
Midtjylland;2020-09-25;104
Nordjylland;2020-09-25;40
Sjælland;2020-09-25;65
Syddanmark;2020-09-25;72
Hovedstaden;2020-09-26;178
Midtjylland;2020-09-26;92
Nordjylland;2020-09-26;32
Sjælland;2020-09-26;53
Syddanmark;2020-09-26;38
Hovedstaden;2020-09-27;182
Midtjylland;2020-09-27;79
Nordjylland;2020-09-27;22
Sjælland;2020-09-27;39
Syddanmark;2020-09-27;35
Hovedstaden;2020-09-28;212
Midtjylland;2020-09-28;109
Nordjylland;2020-09-28;39
Sjælland;2020-09-28;62
Syddanmark;2020-09-28;59
Hovedstaden;2020-09-29;190
Midtjylland;2020-09-29;107
Nordjylland;2020-09-29;44
Sjælland;2020-09-29;52
Syddanmark;2020-09-29;56
Hovedstaden;2020-09-30;175
Midtjylland;2020-09-30;95
Nordjylland;2020-09-30;39
Sjælland;2020-09-30;59
Syddanmark;2020-09-30;66
Hovedstaden;2020-10-01;164
Midtjylland;2020-10-01;108
Nordjylland;2020-10-01;41
Sjælland;2020-10-01;56
Syddanmark;2020-10-01;58
Hovedstaden;2020-10-02;141
Midtjylland;2020-10-02;101
Nordjylland;2020-10-02;36
Sjælland;2020-10-02;41
Syddanmark;2020-10-02;47
Hovedstaden;2020-10-03;146
Midtjylland;2020-10-03;70
Nordjylland;2020-10-03;31
Sjælland;2020-10-03;32
Syddanmark;2020-10-03;59
Hovedstaden;2020-10-04;146
Midtjylland;2020-10-04;58
Nordjylland;2020-10-04;30
Sjælland;2020-10-04;30
Syddanmark;2020-10-04;42
Hovedstaden;2020-10-05;161
Midtjylland;2020-10-05;105
Nordjylland;2020-10-05;60
Sjælland;2020-10-05;40
Syddanmark;2020-10-05;61
Hovedstaden;2020-10-06;194
Midtjylland;2020-10-06;108
Nordjylland;2020-10-06;31
Sjælland;2020-10-06;40
Syddanmark;2020-10-06;53
Hovedstaden;2020-10-07;158
Midtjylland;2020-10-07;152
Nordjylland;2020-10-07;49
Sjælland;2020-10-07;37
Syddanmark;2020-10-07;56
Hovedstaden;2020-10-08;153
Midtjylland;2020-10-08;136
Nordjylland;2020-10-08;50
Sjælland;2020-10-08;28
Syddanmark;2020-10-08;55
Hovedstaden;2020-10-09;151
Midtjylland;2020-10-09;116
Nordjylland;2020-10-09;43
Sjælland;2020-10-09;30
Syddanmark;2020-10-09;71
Hovedstaden;2020-10-10;108
Midtjylland;2020-10-10;87
Nordjylland;2020-10-10;32
Sjælland;2020-10-10;25
Syddanmark;2020-10-10;29
Hovedstaden;2020-10-11;98
Midtjylland;2020-10-11;66
Nordjylland;2020-10-11;30
Sjælland;2020-10-11;29
Syddanmark;2020-10-11;33
Hovedstaden;2020-10-12;142
Midtjylland;2020-10-12;128
Nordjylland;2020-10-12;45
Sjælland;2020-10-12;69
Syddanmark;2020-10-12;73
Hovedstaden;2020-10-13;157
Midtjylland;2020-10-13;95
Nordjylland;2020-10-13;55
Sjælland;2020-10-13;24
Syddanmark;2020-10-13;94
Hovedstaden;2020-10-14;201
Midtjylland;2020-10-14;96
Nordjylland;2020-10-14;62
Sjælland;2020-10-14;36
Syddanmark;2020-10-14;74
Hovedstaden;2020-10-15;181
Midtjylland;2020-10-15;111
Nordjylland;2020-10-15;33
Sjælland;2020-10-15;39
Syddanmark;2020-10-15;85
Hovedstaden;2020-10-16;187
Midtjylland;2020-10-16;105
Nordjylland;2020-10-16;49
Sjælland;2020-10-16;47
Syddanmark;2020-10-16;77
Hovedstaden;2020-10-17;217
Midtjylland;2020-10-17;75
Nordjylland;2020-10-17;42
Sjælland;2020-10-17;28
Syddanmark;2020-10-17;69
Hovedstaden;2020-10-18;226
Midtjylland;2020-10-18;71
Nordjylland;2020-10-18;42
Sjælland;2020-10-18;35
Syddanmark;2020-10-18;77
Hovedstaden;2020-10-19;293
Midtjylland;2020-10-19;139
Nordjylland;2020-10-19;72
Sjælland;2020-10-19;68
Syddanmark;2020-10-19;115
Hovedstaden;2020-10-20;318
Midtjylland;2020-10-20;191
Nordjylland;2020-10-20;84
Sjælland;2020-10-20;70
Syddanmark;2020-10-20;117
Hovedstaden;2020-10-21;330
Midtjylland;2020-10-21;233
Nordjylland;2020-10-21;92
Sjælland;2020-10-21;76
Syddanmark;2020-10-21;116
Hovedstaden;2020-10-22;407
Midtjylland;2020-10-22;151
Nordjylland;2020-10-22;102
Sjælland;2020-10-22;75
Syddanmark;2020-10-22;131
Hovedstaden;2020-10-23;370
Midtjylland;2020-10-23;174
Nordjylland;2020-10-23;117
Sjælland;2020-10-23;79
Syddanmark;2020-10-23;120
Hovedstaden;2020-10-24;385
Midtjylland;2020-10-24;144
Nordjylland;2020-10-24;104
Sjælland;2020-10-24;89
Syddanmark;2020-10-24;97
Hovedstaden;2020-10-25;439
Midtjylland;2020-10-25;156
Nordjylland;2020-10-25;108
Sjælland;2020-10-25;79
Syddanmark;2020-10-25;134
Hovedstaden;2020-10-26;446
Midtjylland;2020-10-26;162
Nordjylland;2020-10-26;132
Sjælland;2020-10-26;99
Syddanmark;2020-10-26;166
Hovedstaden;2020-10-27;573
Midtjylland;2020-10-27;240
Nordjylland;2020-10-27;148
Sjælland;2020-10-27;135
Syddanmark;2020-10-27;145
Hovedstaden;2020-10-28;529
Midtjylland;2020-10-28;230
Nordjylland;2020-10-28;116
Sjælland;2020-10-28;141
Syddanmark;2020-10-28;187
Hovedstaden;2020-10-29;459
Midtjylland;2020-10-29;141
Nordjylland;2020-10-29;120
Sjælland;2020-10-29;120
Syddanmark;2020-10-29;172
Hovedstaden;2020-10-30;494
Midtjylland;2020-10-30;195
Nordjylland;2020-10-30;113
Sjælland;2020-10-30;152
Syddanmark;2020-10-30;127
Hovedstaden;2020-10-31;504
Midtjylland;2020-10-31;169
Nordjylland;2020-10-31;96
Sjælland;2020-10-31;108
Syddanmark;2020-10-31;99
Hovedstaden;2020-11-01;464
Midtjylland;2020-11-01;172
Nordjylland;2020-11-01;95
Sjælland;2020-11-01;84
Syddanmark;2020-11-01;139
Hovedstaden;2020-11-02;604
Midtjylland;2020-11-02;206
Nordjylland;2020-11-02;116
Sjælland;2020-11-02;183
Syddanmark;2020-11-02;162
Hovedstaden;2020-11-03;579
Midtjylland;2020-11-03;213
Nordjylland;2020-11-03;137
Sjælland;2020-11-03;146
Syddanmark;2020-11-03;181
Hovedstaden;2020-11-04;580
Midtjylland;2020-11-04;234
Nordjylland;2020-11-04;83
Sjælland;2020-11-04;172
Syddanmark;2020-11-04;172
Hovedstaden;2020-11-05;472
Midtjylland;2020-11-05;183
Nordjylland;2020-11-05;83
Sjælland;2020-11-05;140
Syddanmark;2020-11-05;150
Hovedstaden;2020-11-06;463
Midtjylland;2020-11-06;162
Nordjylland;2020-11-06;60
Sjælland;2020-11-06;144
Syddanmark;2020-11-06;130
Hovedstaden;2020-11-07;385
Midtjylland;2020-11-07;174
Nordjylland;2020-11-07;68
Sjælland;2020-11-07;115
Syddanmark;2020-11-07;102
Hovedstaden;2020-11-08;352
Midtjylland;2020-11-08;154
Nordjylland;2020-11-08;41
Sjælland;2020-11-08;90
Syddanmark;2020-11-08;100
Hovedstaden;2020-11-09;484
Midtjylland;2020-11-09;204
Nordjylland;2020-11-09;72
Sjælland;2020-11-09;118
Syddanmark;2020-11-09;165
Hovedstaden;2020-11-10;494
Midtjylland;2020-11-10;225
Nordjylland;2020-11-10;61
Sjælland;2020-11-10;147
Syddanmark;2020-11-10;126
Hovedstaden;2020-11-11;441
Midtjylland;2020-11-11;263
Nordjylland;2020-11-11;70
Sjælland;2020-11-11;152
Syddanmark;2020-11-11;162
Hovedstaden;2020-11-12;475
Midtjylland;2020-11-12;248
Nordjylland;2020-11-12;67
Sjælland;2020-11-12;118
Syddanmark;2020-11-12;144
Hovedstaden;2020-11-13;519
Midtjylland;2020-11-13;233
Nordjylland;2020-11-13;77
Sjælland;2020-11-13;151
Syddanmark;2020-11-13;168
Hovedstaden;2020-11-14;469
Midtjylland;2020-11-14;224
Nordjylland;2020-11-14;65
Sjælland;2020-11-14;103
Syddanmark;2020-11-14;182
Hovedstaden;2020-11-15;452
Midtjylland;2020-11-15;204
Nordjylland;2020-11-15;73
Sjælland;2020-11-15;110
Syddanmark;2020-11-15;150
Hovedstaden;2020-11-16;550
Midtjylland;2020-11-16;301
Nordjylland;2020-11-16;58
Sjælland;2020-11-16;143
Syddanmark;2020-11-16;199
Hovedstaden;2020-11-17;588
Midtjylland;2020-11-17;300
Nordjylland;2020-11-17;65
Sjælland;2020-11-17;137
Syddanmark;2020-11-17;238
Hovedstaden;2020-11-18;591
Midtjylland;2020-11-18;298
Nordjylland;2020-11-18;53
Sjælland;2020-11-18;147
Syddanmark;2020-11-18;241
Hovedstaden;2020-11-19;573
Midtjylland;2020-11-19;241
Nordjylland;2020-11-19;44
Sjælland;2020-11-19;140
Syddanmark;2020-11-19;223
Hovedstaden;2020-11-20;550
Midtjylland;2020-11-20;217
Nordjylland;2020-11-20;64
Sjælland;2020-11-20;156
Syddanmark;2020-11-20;235
Hovedstaden;2020-11-21;514
Midtjylland;2020-11-21;179
Nordjylland;2020-11-21;36
Sjælland;2020-11-21;111
Syddanmark;2020-11-21;161
Hovedstaden;2020-11-22;515
Midtjylland;2020-11-22;192
Nordjylland;2020-11-22;38
Sjælland;2020-11-22;95
Syddanmark;2020-11-22;169
Hovedstaden;2020-11-23;591
Midtjylland;2020-11-23;191
Nordjylland;2020-11-23;35
Sjælland;2020-11-23;143
Syddanmark;2020-11-23;227
Hovedstaden;2020-11-24;673
Midtjylland;2020-11-24;237
Nordjylland;2020-11-24;42
Sjælland;2020-11-24;150
Syddanmark;2020-11-24;224
Hovedstaden;2020-11-25;668
Midtjylland;2020-11-25;233
Nordjylland;2020-11-25;46
Sjælland;2020-11-25;170
Syddanmark;2020-11-25;196
Hovedstaden;2020-11-26;619
Midtjylland;2020-11-26;246
Nordjylland;2020-11-26;45
Sjælland;2020-11-26;164
Syddanmark;2020-11-26;181
Hovedstaden;2020-11-27;693
Midtjylland;2020-11-27;231
Nordjylland;2020-11-27;38
Sjælland;2020-11-27;133
Syddanmark;2020-11-27;213
Hovedstaden;2020-11-28;628
Midtjylland;2020-11-28;212
Nordjylland;2020-11-28;26
Sjælland;2020-11-28;146
Syddanmark;2020-11-28;139
Hovedstaden;2020-11-29;674
Midtjylland;2020-11-29;185
Nordjylland;2020-11-29;37
Sjælland;2020-11-29;143
Syddanmark;2020-11-29;134
Hovedstaden;2020-11-30;761
Midtjylland;2020-11-30;326
Nordjylland;2020-11-30;39
Sjælland;2020-11-30;206
Syddanmark;2020-11-30;199
Hovedstaden;2020-12-01;958
Midtjylland;2020-12-01;292
Nordjylland;2020-12-01;47
Sjælland;2020-12-01;207
Syddanmark;2020-12-01;208
Hovedstaden;2020-12-02;1026
Midtjylland;2020-12-02;326
Nordjylland;2020-12-02;60
Sjælland;2020-12-02;268
Syddanmark;2020-12-02;196
Hovedstaden;2020-12-03;1024
Midtjylland;2020-12-03;332
Nordjylland;2020-12-03;53
Sjælland;2020-12-03;249
Syddanmark;2020-12-03;248
Hovedstaden;2020-12-04;1058
Midtjylland;2020-12-04;402
Nordjylland;2020-12-04;65
Sjælland;2020-12-04;264
Syddanmark;2020-12-04;228
Hovedstaden;2020-12-05;974
Midtjylland;2020-12-05;266
Nordjylland;2020-12-05;53
Sjælland;2020-12-05;267
Syddanmark;2020-12-05;155
Hovedstaden;2020-12-06;1113
Midtjylland;2020-12-06;305
Nordjylland;2020-12-06;70
Sjælland;2020-12-06;274
Syddanmark;2020-12-06;214
Hovedstaden;2020-12-07;1513
Midtjylland;2020-12-07;441
Nordjylland;2020-12-07;105
Sjælland;2020-12-07;382
Syddanmark;2020-12-07;309
Hovedstaden;2020-12-08;1669
Midtjylland;2020-12-08;519
Nordjylland;2020-12-08;139
Sjælland;2020-12-08;466
Syddanmark;2020-12-08;330
Hovedstaden;2020-12-09;1695
Midtjylland;2020-12-09;578
Nordjylland;2020-12-09;145
Sjælland;2020-12-09;438
Syddanmark;2020-12-09;332
Hovedstaden;2020-12-10;1806
Midtjylland;2020-12-10;600
Nordjylland;2020-12-10;166
Sjælland;2020-12-10;427
Syddanmark;2020-12-10;282
Hovedstaden;2020-12-11;1739
Midtjylland;2020-12-11;583
Nordjylland;2020-12-11;125
Sjælland;2020-12-11;505
Syddanmark;2020-12-11;341
Hovedstaden;2020-12-12;1684
Midtjylland;2020-12-12;544
Nordjylland;2020-12-12;160
Sjælland;2020-12-12;413
Syddanmark;2020-12-12;287
Hovedstaden;2020-12-13;1892
Midtjylland;2020-12-13;476
Nordjylland;2020-12-13;123
Sjælland;2020-12-13;376
Syddanmark;2020-12-13;299
Hovedstaden;2020-12-14;2013
Midtjylland;2020-12-14;765
Nordjylland;2020-12-14;193
Sjælland;2020-12-14;592
Syddanmark;2020-12-14;422
Hovedstaden;2020-12-15;2124
Midtjylland;2020-12-15;804
Nordjylland;2020-12-15;210
Sjælland;2020-12-15;610
Syddanmark;2020-12-15;542
Hovedstaden;2020-12-16;2207
Midtjylland;2020-12-16;747
Nordjylland;2020-12-16;226
Sjælland;2020-12-16;685
Syddanmark;2020-12-16;522
Hovedstaden;2020-12-17;1737
Midtjylland;2020-12-17;608
Nordjylland;2020-12-17;202
Sjælland;2020-12-17;570
Syddanmark;2020-12-17;494
Hovedstaden;2020-12-18;1519
Midtjylland;2020-12-18;548
Nordjylland;2020-12-18;213
Sjælland;2020-12-18;475
Syddanmark;2020-12-18;375
Hovedstaden;2020-12-19;1276
Midtjylland;2020-12-19;514
Nordjylland;2020-12-19;211
Sjælland;2020-12-19;388
Syddanmark;2020-12-19;365
Hovedstaden;2020-12-20;1173
Midtjylland;2020-12-20;390
Nordjylland;2020-12-20;169
Sjælland;2020-12-20;399
Syddanmark;2020-12-20;322
Hovedstaden;2020-12-21;1449
Midtjylland;2020-12-21;513
Nordjylland;2020-12-21;197
Sjælland;2020-12-21;489
Syddanmark;2020-12-21;451
Hovedstaden;2020-12-22;1342
Midtjylland;2020-12-22;470
Nordjylland;2020-12-22;241
Sjælland;2020-12-22;459
Syddanmark;2020-12-22;355
Hovedstaden;2020-12-23;1426
Midtjylland;2020-12-23;515
Nordjylland;2020-12-23;255
Sjælland;2020-12-23;442
Syddanmark;2020-12-23;437
Hovedstaden;2020-12-24;728
Midtjylland;2020-12-24;246
Nordjylland;2020-12-24;134
Sjælland;2020-12-24;156
Syddanmark;2020-12-24;208
Hovedstaden;2020-12-25;805
Midtjylland;2020-12-25;214
Nordjylland;2020-12-25;130
Sjælland;2020-12-25;205
Syddanmark;2020-12-25;232
Hovedstaden;2020-12-26;1278
Midtjylland;2020-12-26;460
Nordjylland;2020-12-26;178
Sjælland;2020-12-26;445
Syddanmark;2020-12-26;323
Hovedstaden;2020-12-27;1012
Midtjylland;2020-12-27;416
Nordjylland;2020-12-27;171
Sjælland;2020-12-27;326
Syddanmark;2020-12-27;259
Hovedstaden;2020-12-28;1289
Midtjylland;2020-12-28;568
Nordjylland;2020-12-28;261
Sjælland;2020-12-28;544
Syddanmark;2020-12-28;400
Hovedstaden;2020-12-29;985
Midtjylland;2020-12-29;520
Nordjylland;2020-12-29;187
Sjælland;2020-12-29;442
Syddanmark;2020-12-29;341
Hovedstaden;2020-12-30;1181
Midtjylland;2020-12-30;480
Nordjylland;2020-12-30;213
Sjælland;2020-12-30;519
Syddanmark;2020-12-30;375
Hovedstaden;2020-12-31;562
Midtjylland;2020-12-31;241
Nordjylland;2020-12-31;105
Sjælland;2020-12-31;153
Syddanmark;2020-12-31;166
Hovedstaden;2021-01-01;572
Midtjylland;2021-01-01;231
Nordjylland;2021-01-01;93
Sjælland;2021-01-01;139
Syddanmark;2021-01-01;167
Hovedstaden;2021-01-02;837
Midtjylland;2021-01-02;436
Nordjylland;2021-01-02;185
Sjælland;2021-01-02;322
Syddanmark;2021-01-02;260
Hovedstaden;2021-01-03;714
Midtjylland;2021-01-03;330
Nordjylland;2021-01-03;178
Sjælland;2021-01-03;221
Syddanmark;2021-01-03;226
Hovedstaden;2021-01-04;1060
Midtjylland;2021-01-04;458
Nordjylland;2021-01-04;210
Sjælland;2021-01-04;399
Syddanmark;2021-01-04;349
Hovedstaden;2021-01-05;825
Midtjylland;2021-01-05;315
Nordjylland;2021-01-05;154
Sjælland;2021-01-05;350
Syddanmark;2021-01-05;279
Hovedstaden;2021-01-06;714
Midtjylland;2021-01-06;279
Nordjylland;2021-01-06;176
Sjælland;2021-01-06;272
Syddanmark;2021-01-06;213
Hovedstaden;2021-01-07;584
Midtjylland;2021-01-07;336
Nordjylland;2021-01-07;144
Sjælland;2021-01-07;248
Syddanmark;2021-01-07;272
Hovedstaden;2021-01-08;607
Midtjylland;2021-01-08;253
Nordjylland;2021-01-08;116
Sjælland;2021-01-08;222
Syddanmark;2021-01-08;228
Hovedstaden;2021-01-09;482
Midtjylland;2021-01-09;222
Nordjylland;2021-01-09;101
Sjælland;2021-01-09;212
Syddanmark;2021-01-09;174
Hovedstaden;2021-01-10;408
Midtjylland;2021-01-10;185
Nordjylland;2021-01-10;81
Sjælland;2021-01-10;167
Syddanmark;2021-01-10;149
Hovedstaden;2021-01-11;614
Midtjylland;2021-01-11;196
Nordjylland;2021-01-11;107
Sjælland;2021-01-11;224
Syddanmark;2021-01-11;206
Hovedstaden;2021-01-12;586
Midtjylland;2021-01-12;178
Nordjylland;2021-01-12;104
Sjælland;2021-01-12;234
Syddanmark;2021-01-12;152
Hovedstaden;2021-01-13;513
Midtjylland;2021-01-13;171
Nordjylland;2021-01-13;119
Sjælland;2021-01-13;157
Syddanmark;2021-01-13;151
Hovedstaden;2021-01-14;422
Midtjylland;2021-01-14;187
Nordjylland;2021-01-14;96
Sjælland;2021-01-14;146
Syddanmark;2021-01-14;150
Hovedstaden;2021-01-15;390
Midtjylland;2021-01-15;117
Nordjylland;2021-01-15;83
Sjælland;2021-01-15;132
Syddanmark;2021-01-15;128
Hovedstaden;2021-01-16;339
Midtjylland;2021-01-16;72
Nordjylland;2021-01-16;74
Sjælland;2021-01-16;105
Syddanmark;2021-01-16;127
Hovedstaden;2021-01-17;319
Midtjylland;2021-01-17;78
Nordjylland;2021-01-17;65
Sjælland;2021-01-17;115
Syddanmark;2021-01-17;97
Hovedstaden;2021-01-18;439
Midtjylland;2021-01-18;119
Nordjylland;2021-01-18;73
Sjælland;2021-01-18;140
Syddanmark;2021-01-18;152
Hovedstaden;2021-01-19;362
Midtjylland;2021-01-19;112
Nordjylland;2021-01-19;93
Sjælland;2021-01-19;164
Syddanmark;2021-01-19;181
Hovedstaden;2021-01-20;316
Midtjylland;2021-01-20;110
Nordjylland;2021-01-20;80
Sjælland;2021-01-20;149
Syddanmark;2021-01-20;118
Hovedstaden;2021-01-21;376
Midtjylland;2021-01-21;120
Nordjylland;2021-01-21;75
Sjælland;2021-01-21;146
Syddanmark;2021-01-21;135
Hovedstaden;2021-01-22;286
Midtjylland;2021-01-22;95
Nordjylland;2021-01-22;83
Sjælland;2021-01-22;130
Syddanmark;2021-01-22;116
Hovedstaden;2021-01-23;256
Midtjylland;2021-01-23;84
Nordjylland;2021-01-23;44
Sjælland;2021-01-23;100
Syddanmark;2021-01-23;103
Hovedstaden;2021-01-24;245
Midtjylland;2021-01-24;55
Nordjylland;2021-01-24;57
Sjælland;2021-01-24;84
Syddanmark;2021-01-24;71
Hovedstaden;2021-01-25;331
Midtjylland;2021-01-25;83
Nordjylland;2021-01-25;51
Sjælland;2021-01-25;131
Syddanmark;2021-01-25;123
Hovedstaden;2021-01-26;276
Midtjylland;2021-01-26;94
Nordjylland;2021-01-26;67
Sjælland;2021-01-26;135
Syddanmark;2021-01-26;106
Hovedstaden;2021-01-27;250
Midtjylland;2021-01-27;63
Nordjylland;2021-01-27;36
Sjælland;2021-01-27;102
Syddanmark;2021-01-27;79
Hovedstaden;2021-01-28;236
Midtjylland;2021-01-28;71
Nordjylland;2021-01-28;39
Sjælland;2021-01-28;83
Syddanmark;2021-01-28;69
Hovedstaden;2021-01-29;183
Midtjylland;2021-01-29;45
Nordjylland;2021-01-29;31
Sjælland;2021-01-29;62
Syddanmark;2021-01-29;81
Hovedstaden;2021-01-30;165
Midtjylland;2021-01-30;38
Nordjylland;2021-01-30;28
Sjælland;2021-01-30;56
Syddanmark;2021-01-30;70
Hovedstaden;2021-01-31;176
Midtjylland;2021-01-31;45
Nordjylland;2021-01-31;32
Sjælland;2021-01-31;61
Syddanmark;2021-01-31;66
Hovedstaden;2021-02-01;207
Midtjylland;2021-02-01;65
Nordjylland;2021-02-01;47
Sjælland;2021-02-01;88
Syddanmark;2021-02-01;93
Hovedstaden;2021-02-02;206
Midtjylland;2021-02-02;62
Nordjylland;2021-02-02;45
Sjælland;2021-02-02;76
Syddanmark;2021-02-02;93
Hovedstaden;2021-02-03;156
Midtjylland;2021-02-03;55
Nordjylland;2021-02-03;42
Sjælland;2021-02-03;72
Syddanmark;2021-02-03;99
Hovedstaden;2021-02-04;197
Midtjylland;2021-02-04;68
Nordjylland;2021-02-04;30
Sjælland;2021-02-04;74
Syddanmark;2021-02-04;69
Hovedstaden;2021-02-05;168
Midtjylland;2021-02-05;67
Nordjylland;2021-02-05;33
Sjælland;2021-02-05;61
Syddanmark;2021-02-05;75
Hovedstaden;2021-02-06;167
Midtjylland;2021-02-06;69
Nordjylland;2021-02-06;30
Sjælland;2021-02-06;67
Syddanmark;2021-02-06;94
Hovedstaden;2021-02-07;170
Midtjylland;2021-02-07;76
Nordjylland;2021-02-07;33
Sjælland;2021-02-07;46
Syddanmark;2021-02-07;62
Hovedstaden;2021-02-08;160
Midtjylland;2021-02-08;67
Nordjylland;2021-02-08;38
Sjælland;2021-02-08;103
Syddanmark;2021-02-08;69
Hovedstaden;2021-02-09;178
Midtjylland;2021-02-09;72
Nordjylland;2021-02-09;36
Sjælland;2021-02-09;73
Syddanmark;2021-02-09;98
Hovedstaden;2021-02-10;176
Midtjylland;2021-02-10;88
Nordjylland;2021-02-10;44
Sjælland;2021-02-10;62
Syddanmark;2021-02-10;75
Hovedstaden;2021-02-11;148
Midtjylland;2021-02-11;59
Nordjylland;2021-02-11;20
Sjælland;2021-02-11;82
Syddanmark;2021-02-11;59
Hovedstaden;2021-02-12;145
Midtjylland;2021-02-12;39
Nordjylland;2021-02-12;33
Sjælland;2021-02-12;52
Syddanmark;2021-02-12;46
Hovedstaden;2021-02-13;125
Midtjylland;2021-02-13;56
Nordjylland;2021-02-13;31
Sjælland;2021-02-13;31
Syddanmark;2021-02-13;88
Hovedstaden;2021-02-14;123
Midtjylland;2021-02-14;44
Nordjylland;2021-02-14;34
Sjælland;2021-02-14;46
Syddanmark;2021-02-14;91
Hovedstaden;2021-02-15;160
Midtjylland;2021-02-15;63
Nordjylland;2021-02-15;33
Sjælland;2021-02-15;48
Syddanmark;2021-02-15;94
Hovedstaden;2021-02-16;164
Midtjylland;2021-02-16;84
Nordjylland;2021-02-16;21
Sjælland;2021-02-16;63
Syddanmark;2021-02-16;186
Hovedstaden;2021-02-17;184
Midtjylland;2021-02-17;76
Nordjylland;2021-02-17;30
Sjælland;2021-02-17;48
Syddanmark;2021-02-17;167
Hovedstaden;2021-02-18;145
Midtjylland;2021-02-18;87
Nordjylland;2021-02-18;74
Sjælland;2021-02-18;67
Syddanmark;2021-02-18;168
Hovedstaden;2021-02-19;181
Midtjylland;2021-02-19;50
Nordjylland;2021-02-19;26
Sjælland;2021-02-19;77
Syddanmark;2021-02-19;123
Hovedstaden;2021-02-20;154
Midtjylland;2021-02-20;65
Nordjylland;2021-02-20;26
Sjælland;2021-02-20;61
Syddanmark;2021-02-20;124
Hovedstaden;2021-02-21;162
Midtjylland;2021-02-21;80
Nordjylland;2021-02-21;21
Sjælland;2021-02-21;58
Syddanmark;2021-02-21;151
Hovedstaden;2021-02-22;196
Midtjylland;2021-02-22;82
Nordjylland;2021-02-22;39
Sjælland;2021-02-22;93
Syddanmark;2021-02-22;173
Hovedstaden;2021-02-23;254
Midtjylland;2021-02-23;61
Nordjylland;2021-02-23;41
Sjælland;2021-02-23;99
Syddanmark;2021-02-23;145
Hovedstaden;2021-02-24;230
Midtjylland;2021-02-24;60
Nordjylland;2021-02-24;25
Sjælland;2021-02-24;89
Syddanmark;2021-02-24;131
Hovedstaden;2021-02-25;228
Midtjylland;2021-02-25;62
Nordjylland;2021-02-25;27
Sjælland;2021-02-25;104
Syddanmark;2021-02-25;116
Hovedstaden;2021-02-26;231
Midtjylland;2021-02-26;45
Nordjylland;2021-02-26;20
Sjælland;2021-02-26;66
Syddanmark;2021-02-26;130
Hovedstaden;2021-02-27;201
Midtjylland;2021-02-27;50
Nordjylland;2021-02-27;20
Sjælland;2021-02-27;62
Syddanmark;2021-02-27;89
Hovedstaden;2021-02-28;235
Midtjylland;2021-02-28;46
Nordjylland;2021-02-28;26
Sjælland;2021-02-28;49
Syddanmark;2021-02-28;115
Hovedstaden;2021-03-01;264
Midtjylland;2021-03-01;64
Nordjylland;2021-03-01;34
Sjælland;2021-03-01;106
Syddanmark;2021-03-01;123
Hovedstaden;2021-03-02;251
Midtjylland;2021-03-02;82
Nordjylland;2021-03-02;19
Sjælland;2021-03-02;95
Syddanmark;2021-03-02;147
Hovedstaden;2021-03-03;213
Midtjylland;2021-03-03;74
Nordjylland;2021-03-03;22
Sjælland;2021-03-03;84
Syddanmark;2021-03-03;147
Hovedstaden;2021-03-04;225
Midtjylland;2021-03-04;47
Nordjylland;2021-03-04;18
Sjælland;2021-03-04;81
Syddanmark;2021-03-04;110
Hovedstaden;2021-03-05;207
Midtjylland;2021-03-05;58
Nordjylland;2021-03-05;21
Sjælland;2021-03-05;66
Syddanmark;2021-03-05;112
Hovedstaden;2021-03-06;203
Midtjylland;2021-03-06;46
Nordjylland;2021-03-06;17
Sjælland;2021-03-06;71
Syddanmark;2021-03-06;110
Hovedstaden;2021-03-07;189
Midtjylland;2021-03-07;73
Nordjylland;2021-03-07;23
Sjælland;2021-03-07;60
Syddanmark;2021-03-07;107
Hovedstaden;2021-03-08;254
Midtjylland;2021-03-08;92
Nordjylland;2021-03-08;21
Sjælland;2021-03-08;79
Syddanmark;2021-03-08;149
Hovedstaden;2021-03-09;266
Midtjylland;2021-03-09;89
Nordjylland;2021-03-09;18
Sjælland;2021-03-09;79
Syddanmark;2021-03-09;186
Hovedstaden;2021-03-10;211
Midtjylland;2021-03-10;79
Nordjylland;2021-03-10;24
Sjælland;2021-03-10;58
Syddanmark;2021-03-10;165
Hovedstaden;2021-03-11;248
Midtjylland;2021-03-11;69
Nordjylland;2021-03-11;34
Sjælland;2021-03-11;82
Syddanmark;2021-03-11;147
Hovedstaden;2021-03-12;215
Midtjylland;2021-03-12;61
Nordjylland;2021-03-12;20
Sjælland;2021-03-12;62
Syddanmark;2021-03-12;121
Hovedstaden;2021-03-13;192
Midtjylland;2021-03-13;60
Nordjylland;2021-03-13;23
Sjælland;2021-03-13;47
Syddanmark;2021-03-13;139
Hovedstaden;2021-03-14;216
Midtjylland;2021-03-14;69
Nordjylland;2021-03-14;23
Sjælland;2021-03-14;47
Syddanmark;2021-03-14;131
Hovedstaden;2021-03-15;255
Midtjylland;2021-03-15;82
Nordjylland;2021-03-15;28
Sjælland;2021-03-15;79
Syddanmark;2021-03-15;190
Hovedstaden;2021-03-16;274
Midtjylland;2021-03-16;124
Nordjylland;2021-03-16;49
Sjælland;2021-03-16;92
Syddanmark;2021-03-16;201
Hovedstaden;2021-03-17;250
Midtjylland;2021-03-17;86
Nordjylland;2021-03-17;41
Sjælland;2021-03-17;86
Syddanmark;2021-03-17;196
Hovedstaden;2021-03-18;287
Midtjylland;2021-03-18;73
Nordjylland;2021-03-18;29
Sjælland;2021-03-18;83
Syddanmark;2021-03-18;172
Hovedstaden;2021-03-19;327
Midtjylland;2021-03-19;73
Nordjylland;2021-03-19;21
Sjælland;2021-03-19;82
Syddanmark;2021-03-19;136
Hovedstaden;2021-03-20;286
Midtjylland;2021-03-20;68
Nordjylland;2021-03-20;39
Sjælland;2021-03-20;53
Syddanmark;2021-03-20;131
Hovedstaden;2021-03-21;276
Midtjylland;2021-03-21;83
Nordjylland;2021-03-21;31
Sjælland;2021-03-21;51
Syddanmark;2021-03-21;120
Hovedstaden;2021-03-22;361
Midtjylland;2021-03-22;100
Nordjylland;2021-03-22;45
Sjælland;2021-03-22;80
Syddanmark;2021-03-22;189
Hovedstaden;2021-03-23;390
Midtjylland;2021-03-23;128
Nordjylland;2021-03-23;35
Sjælland;2021-03-23;89
Syddanmark;2021-03-23;159
Hovedstaden;2021-03-24;388
Midtjylland;2021-03-24;108
Nordjylland;2021-03-24;41
Sjælland;2021-03-24;80
Syddanmark;2021-03-24;161
Hovedstaden;2021-03-25;350
Midtjylland;2021-03-25;78
Nordjylland;2021-03-25;28
Sjælland;2021-03-25;63
Syddanmark;2021-03-25;116
Hovedstaden;2021-03-26;372
Midtjylland;2021-03-26;80
Nordjylland;2021-03-26;24
Sjælland;2021-03-26;79
Syddanmark;2021-03-26;139
Hovedstaden;2021-03-27;336
Midtjylland;2021-03-27;101
Nordjylland;2021-03-27;36
Sjælland;2021-03-27;78
Syddanmark;2021-03-27;118
Hovedstaden;2021-03-28;322
Midtjylland;2021-03-28;76
Nordjylland;2021-03-28;25
Sjælland;2021-03-28;63
Syddanmark;2021-03-28;124
Hovedstaden;2021-03-29;404
Midtjylland;2021-03-29;97
Nordjylland;2021-03-29;40
Sjælland;2021-03-29;89
Syddanmark;2021-03-29;133
Hovedstaden;2021-03-30;366
Midtjylland;2021-03-30;92
Nordjylland;2021-03-30;41
Sjælland;2021-03-30;63
Syddanmark;2021-03-30;106
Hovedstaden;2021-03-31;371
Midtjylland;2021-03-31;100
Nordjylland;2021-03-31;50
Sjælland;2021-03-31;58
Syddanmark;2021-03-31;106
Hovedstaden;2021-04-01;355
Midtjylland;2021-04-01;109
Nordjylland;2021-04-01;46
Sjælland;2021-04-01;90
Syddanmark;2021-04-01;106
Hovedstaden;2021-04-02;273
Midtjylland;2021-04-02;90
Nordjylland;2021-04-02;36
Sjælland;2021-04-02;63
Syddanmark;2021-04-02;86
Hovedstaden;2021-04-03;239
Midtjylland;2021-04-03;109
Nordjylland;2021-04-03;39
Sjælland;2021-04-03;56
Syddanmark;2021-04-03;73
Hovedstaden;2021-04-04;240
Midtjylland;2021-04-04;75
Nordjylland;2021-04-04;42
Sjælland;2021-04-04;41
Syddanmark;2021-04-04;61
Hovedstaden;2021-04-05;269
Midtjylland;2021-04-05;88
Nordjylland;2021-04-05;50
Sjælland;2021-04-05;64
Syddanmark;2021-04-05;80
Hovedstaden;2021-04-06;373
Midtjylland;2021-04-06;97
Nordjylland;2021-04-06;52
Sjælland;2021-04-06;64
Syddanmark;2021-04-06;109
Hovedstaden;2021-04-07;325
Midtjylland;2021-04-07;108
Nordjylland;2021-04-07;68
Sjælland;2021-04-07;84
Syddanmark;2021-04-07;119
Hovedstaden;2021-04-08;356
Midtjylland;2021-04-08;126
Nordjylland;2021-04-08;39
Sjælland;2021-04-08;97
Syddanmark;2021-04-08;88
Hovedstaden;2021-04-09;369
Midtjylland;2021-04-09;93
Nordjylland;2021-04-09;54
Sjælland;2021-04-09;91
Syddanmark;2021-04-09;108
Hovedstaden;2021-04-10;259
Midtjylland;2021-04-10;75
Nordjylland;2021-04-10;58
Sjælland;2021-04-10;57
Syddanmark;2021-04-10;93
Hovedstaden;2021-04-11;237
Midtjylland;2021-04-11;97
Nordjylland;2021-04-11;41
Sjælland;2021-04-11;74
Syddanmark;2021-04-11;79
Hovedstaden;2021-04-12;360
Midtjylland;2021-04-12;107
Nordjylland;2021-04-12;68
Sjælland;2021-04-12;106
Syddanmark;2021-04-12;106
Hovedstaden;2021-04-13;332
Midtjylland;2021-04-13;151
Nordjylland;2021-04-13;54
Sjælland;2021-04-13;100
Syddanmark;2021-04-13;96
Hovedstaden;2021-04-14;333
Midtjylland;2021-04-14;135
Nordjylland;2021-04-14;54
Sjælland;2021-04-14;75
Syddanmark;2021-04-14;93
Hovedstaden;2021-04-15;325
Midtjylland;2021-04-15;155
Nordjylland;2021-04-15;49
Sjælland;2021-04-15;89
Syddanmark;2021-04-15;107
Hovedstaden;2021-04-16;331
Midtjylland;2021-04-16;143
Nordjylland;2021-04-16;44
Sjælland;2021-04-16;86
Syddanmark;2021-04-16;96
Hovedstaden;2021-04-17;307
Midtjylland;2021-04-17;136
Nordjylland;2021-04-17;56
Sjælland;2021-04-17;70
Syddanmark;2021-04-17;78
Hovedstaden;2021-04-18;351
Midtjylland;2021-04-18;151
Nordjylland;2021-04-18;50
Sjælland;2021-04-18;78
Syddanmark;2021-04-18;79
Hovedstaden;2021-04-19;378
Midtjylland;2021-04-19;181
Nordjylland;2021-04-19;89
Sjælland;2021-04-19;102
Syddanmark;2021-04-19;107
Hovedstaden;2021-04-20;358
Midtjylland;2021-04-20;196
Nordjylland;2021-04-20;82
Sjælland;2021-04-20;99
Syddanmark;2021-04-20;103
Hovedstaden;2021-04-21;315
Midtjylland;2021-04-21;144
Nordjylland;2021-04-21;39
Sjælland;2021-04-21;86
Syddanmark;2021-04-21;72
Hovedstaden;2021-04-22;288
Midtjylland;2021-04-22;104
Nordjylland;2021-04-22;51
Sjælland;2021-04-22;84
Syddanmark;2021-04-22;88
Hovedstaden;2021-04-23;259
Midtjylland;2021-04-23;119
Nordjylland;2021-04-23;79
Sjælland;2021-04-23;64
Syddanmark;2021-04-23;93
Hovedstaden;2021-04-24;229
Midtjylland;2021-04-24;131
Nordjylland;2021-04-24;61
Sjælland;2021-04-24;67
Syddanmark;2021-04-24;75
Hovedstaden;2021-04-25;272
Midtjylland;2021-04-25;118
Nordjylland;2021-04-25;64
Sjælland;2021-04-25;64
Syddanmark;2021-04-25;75
Hovedstaden;2021-04-26;346
Midtjylland;2021-04-26;130
Nordjylland;2021-04-26;74
Sjælland;2021-04-26;101
Syddanmark;2021-04-26;111
Hovedstaden;2021-04-27;431
Midtjylland;2021-04-27;147
Nordjylland;2021-04-27;75
Sjælland;2021-04-27;95
Syddanmark;2021-04-27;138
Hovedstaden;2021-04-28;393
Midtjylland;2021-04-28;146
Nordjylland;2021-04-28;65
Sjælland;2021-04-28;92
Syddanmark;2021-04-28;108
Hovedstaden;2021-04-29;377
Midtjylland;2021-04-29;146
Nordjylland;2021-04-29;59
Sjælland;2021-04-29;98
Syddanmark;2021-04-29;112
Hovedstaden;2021-04-30;367
Midtjylland;2021-04-30;129
Nordjylland;2021-04-30;64
Sjælland;2021-04-30;69
Syddanmark;2021-04-30;125
Hovedstaden;2021-05-01;301
Midtjylland;2021-05-01;159
Nordjylland;2021-05-01;64
Sjælland;2021-05-01;68
Syddanmark;2021-05-01;95
Hovedstaden;2021-05-02;354
Midtjylland;2021-05-02;135
Nordjylland;2021-05-02;59
Sjælland;2021-05-02;55
Syddanmark;2021-05-02;104
Hovedstaden;2021-05-03;489
Midtjylland;2021-05-03;190
Nordjylland;2021-05-03;73
Sjælland;2021-05-03;135
Syddanmark;2021-05-03;128
Hovedstaden;2021-05-04;460
Midtjylland;2021-05-04;196
Nordjylland;2021-05-04;58
Sjælland;2021-05-04;117
Syddanmark;2021-05-04;133
Hovedstaden;2021-05-05;507
Midtjylland;2021-05-05;199
Nordjylland;2021-05-05;86
Sjælland;2021-05-05;122
Syddanmark;2021-05-05;135
Hovedstaden;2021-05-06;439
Midtjylland;2021-05-06;153
Nordjylland;2021-05-06;56
Sjælland;2021-05-06;145
Syddanmark;2021-05-06;86
Hovedstaden;2021-05-07;419
Midtjylland;2021-05-07;175
Nordjylland;2021-05-07;61
Sjælland;2021-05-07;113
Syddanmark;2021-05-07;127
Hovedstaden;2021-05-08;438
Midtjylland;2021-05-08;177
Nordjylland;2021-05-08;64
Sjælland;2021-05-08;84
Syddanmark;2021-05-08;83
Hovedstaden;2021-05-09;390
Midtjylland;2021-05-09;151
Nordjylland;2021-05-09;73
Sjælland;2021-05-09;98
Syddanmark;2021-05-09;82
Hovedstaden;2021-05-10;468
Midtjylland;2021-05-10;282
Nordjylland;2021-05-10;73
Sjælland;2021-05-10;183
Syddanmark;2021-05-10;116
Hovedstaden;2021-05-11;614
Midtjylland;2021-05-11;265
Nordjylland;2021-05-11;116
Sjælland;2021-05-11;166
Syddanmark;2021-05-11;129
Hovedstaden;2021-05-12;556
Midtjylland;2021-05-12;204
Nordjylland;2021-05-12;102
Sjælland;2021-05-12;187
Syddanmark;2021-05-12;100
Hovedstaden;2021-05-13;438
Midtjylland;2021-05-13;151
Nordjylland;2021-05-13;102
Sjælland;2021-05-13;119
Syddanmark;2021-05-13;90
Hovedstaden;2021-05-14;394
Midtjylland;2021-05-14;162
Nordjylland;2021-05-14;77
Sjælland;2021-05-14;135
Syddanmark;2021-05-14;97
Hovedstaden;2021-05-15;415
Midtjylland;2021-05-15;192
Nordjylland;2021-05-15;97
Sjælland;2021-05-15;133
Syddanmark;2021-05-15;101
Hovedstaden;2021-05-16;441
Midtjylland;2021-05-16;147
Nordjylland;2021-05-16;105
Sjælland;2021-05-16;124
Syddanmark;2021-05-16;99
Hovedstaden;2021-05-17;494
Midtjylland;2021-05-17;209
Nordjylland;2021-05-17;109
Sjælland;2021-05-17;158
Syddanmark;2021-05-17;169
Hovedstaden;2021-05-18;542
Midtjylland;2021-05-18;182
Nordjylland;2021-05-18;120
Sjælland;2021-05-18;159
Syddanmark;2021-05-18;143
Hovedstaden;2021-05-19;496
Midtjylland;2021-05-19;178
Nordjylland;2021-05-19;126
Sjælland;2021-05-19;197
Syddanmark;2021-05-19;129
Hovedstaden;2021-05-20;451
Midtjylland;2021-05-20;144
Nordjylland;2021-05-20;142
Sjælland;2021-05-20;155
Syddanmark;2021-05-20;118
Hovedstaden;2021-05-21;370
Midtjylland;2021-05-21;130
Nordjylland;2021-05-21;85
Sjælland;2021-05-21;135
Syddanmark;2021-05-21;97
Hovedstaden;2021-05-22;326
Midtjylland;2021-05-22;167
Nordjylland;2021-05-22;99
Sjælland;2021-05-22;83
Syddanmark;2021-05-22;106
Hovedstaden;2021-05-23;304
Midtjylland;2021-05-23;181
Nordjylland;2021-05-23;113
Sjælland;2021-05-23;98
Syddanmark;2021-05-23;101
Hovedstaden;2021-05-24;356
Midtjylland;2021-05-24;180
Nordjylland;2021-05-24;98
Sjælland;2021-05-24;120
Syddanmark;2021-05-24;102
Hovedstaden;2021-05-25;420
Midtjylland;2021-05-25;222
Nordjylland;2021-05-25;152
Sjælland;2021-05-25;128
Syddanmark;2021-05-25;169
Hovedstaden;2021-05-26;543
Midtjylland;2021-05-26;176
Nordjylland;2021-05-26;187
Sjælland;2021-05-26;128
Syddanmark;2021-05-26;156
Hovedstaden;2021-05-27;434
Midtjylland;2021-05-27;191
Nordjylland;2021-05-27;107
Sjælland;2021-05-27;127
Syddanmark;2021-05-27;131
Hovedstaden;2021-05-28;370
Midtjylland;2021-05-28;180
Nordjylland;2021-05-28;114
Sjælland;2021-05-28;112
Syddanmark;2021-05-28;140
Hovedstaden;2021-05-29;353
Midtjylland;2021-05-29;147
Nordjylland;2021-05-29;110
Sjælland;2021-05-29;81
Syddanmark;2021-05-29;118
Hovedstaden;2021-05-30;335
Midtjylland;2021-05-30;167
Nordjylland;2021-05-30;123
Sjælland;2021-05-30;82
Syddanmark;2021-05-30;110
Hovedstaden;2021-05-31;429
Midtjylland;2021-05-31;190
Nordjylland;2021-05-31;152
Sjælland;2021-05-31;100
Syddanmark;2021-05-31;135
Hovedstaden;2021-06-01;497
Midtjylland;2021-06-01;198
Nordjylland;2021-06-01;174
Sjælland;2021-06-01;101
Syddanmark;2021-06-01;128
Hovedstaden;2021-06-02;411
Midtjylland;2021-06-02;192
Nordjylland;2021-06-02;140
Sjælland;2021-06-02;101
Syddanmark;2021-06-02;78
Hovedstaden;2021-06-03;347
Midtjylland;2021-06-03;133
Nordjylland;2021-06-03;101
Sjælland;2021-06-03;102
Syddanmark;2021-06-03;65
Hovedstaden;2021-06-04;302
Midtjylland;2021-06-04;160
Nordjylland;2021-06-04;83
Sjælland;2021-06-04;87
Syddanmark;2021-06-04;67
Hovedstaden;2021-06-05;237
Midtjylland;2021-06-05;143
Nordjylland;2021-06-05;83
Sjælland;2021-06-05;102
Syddanmark;2021-06-05;55
Hovedstaden;2021-06-06;237
Midtjylland;2021-06-06;121
Nordjylland;2021-06-06;76
Sjælland;2021-06-06;64
Syddanmark;2021-06-06;42
Hovedstaden;2021-06-07;268
Midtjylland;2021-06-07;123
Nordjylland;2021-06-07;90
Sjælland;2021-06-07;60
Syddanmark;2021-06-07;75
Hovedstaden;2021-06-08;219
Midtjylland;2021-06-08;97
Nordjylland;2021-06-08;60
Sjælland;2021-06-08;67
Syddanmark;2021-06-08;62
Hovedstaden;2021-06-09;190
Midtjylland;2021-06-09;101
Nordjylland;2021-06-09;61
Sjælland;2021-06-09;72
Syddanmark;2021-06-09;49
Hovedstaden;2021-06-10;174
Midtjylland;2021-06-10;80
Nordjylland;2021-06-10;66
Sjælland;2021-06-10;50
Syddanmark;2021-06-10;46
Hovedstaden;2021-06-11;121
Midtjylland;2021-06-11;75
Nordjylland;2021-06-11;49
Sjælland;2021-06-11;34
Syddanmark;2021-06-11;31
Hovedstaden;2021-06-12;108
Midtjylland;2021-06-12;43
Nordjylland;2021-06-12;36
Sjælland;2021-06-12;34
Syddanmark;2021-06-12;23
Hovedstaden;2021-06-13;85
Midtjylland;2021-06-13;50
Nordjylland;2021-06-13;37
Sjælland;2021-06-13;23
Syddanmark;2021-06-13;31
Hovedstaden;2021-06-14;116
Midtjylland;2021-06-14;60
Nordjylland;2021-06-14;49
Sjælland;2021-06-14;48
Syddanmark;2021-06-14;33
Hovedstaden;2021-06-15;125
Midtjylland;2021-06-15;61
Nordjylland;2021-06-15;56
Sjælland;2021-06-15;28
Syddanmark;2021-06-15;33
Hovedstaden;2021-06-16;141
Midtjylland;2021-06-16;61
Nordjylland;2021-06-16;23
Sjælland;2021-06-16;36
Syddanmark;2021-06-16;25
Hovedstaden;2021-06-17;100
Midtjylland;2021-06-17;37
Nordjylland;2021-06-17;29
Sjælland;2021-06-17;30
Syddanmark;2021-06-17;15
Hovedstaden;2021-06-18;97
Midtjylland;2021-06-18;43
Nordjylland;2021-06-18;28
Sjælland;2021-06-18;23
Syddanmark;2021-06-18;9
Hovedstaden;2021-06-19;92
Midtjylland;2021-06-19;21
Nordjylland;2021-06-19;22
Sjælland;2021-06-19;22
Syddanmark;2021-06-19;14
Hovedstaden;2021-06-20;75
Midtjylland;2021-06-20;39
Nordjylland;2021-06-20;17
Sjælland;2021-06-20;16
Syddanmark;2021-06-20;10
Hovedstaden;2021-06-21;107
Midtjylland;2021-06-21;29
Nordjylland;2021-06-21;17
Sjælland;2021-06-21;10
Syddanmark;2021-06-21;25
Hovedstaden;2021-06-22;100
Midtjylland;2021-06-22;21
Nordjylland;2021-06-22;14
Sjælland;2021-06-22;18
Syddanmark;2021-06-22;21
Hovedstaden;2021-06-23;97
Midtjylland;2021-06-23;36
Nordjylland;2021-06-23;34
Sjælland;2021-06-23;16
Syddanmark;2021-06-23;19
Hovedstaden;2021-06-24;108
Midtjylland;2021-06-24;42
Nordjylland;2021-06-24;21
Sjælland;2021-06-24;12
Syddanmark;2021-06-24;28
Hovedstaden;2021-06-25;96
Midtjylland;2021-06-25;35
Nordjylland;2021-06-25;20
Sjælland;2021-06-25;20
Syddanmark;2021-06-25;18
Hovedstaden;2021-06-26;93
Midtjylland;2021-06-26;16
Nordjylland;2021-06-26;13
Sjælland;2021-06-26;7
Syddanmark;2021-06-26;15
Hovedstaden;2021-06-27;116
Midtjylland;2021-06-27;18
Nordjylland;2021-06-27;21
Sjælland;2021-06-27;11
Syddanmark;2021-06-27;18
Hovedstaden;2021-06-28;169
Midtjylland;2021-06-28;40
Nordjylland;2021-06-28;37
Sjælland;2021-06-28;21
Syddanmark;2021-06-28;18
Hovedstaden;2021-06-29;247
Midtjylland;2021-06-29;37
Nordjylland;2021-06-29;44
Sjælland;2021-06-29;43
Syddanmark;2021-06-29;20
Hovedstaden;2021-06-30;303
Midtjylland;2021-06-30;58
Nordjylland;2021-06-30;31
Sjælland;2021-06-30;47
Syddanmark;2021-06-30;32
Hovedstaden;2021-07-01;208
Midtjylland;2021-07-01;45
Nordjylland;2021-07-01;27
Sjælland;2021-07-01;64
Syddanmark;2021-07-01;41
Hovedstaden;2021-07-02;221
Midtjylland;2021-07-02;53
Nordjylland;2021-07-02;26
Sjælland;2021-07-02;38
Syddanmark;2021-07-02;31
Hovedstaden;2021-07-03;184
Midtjylland;2021-07-03;53
Nordjylland;2021-07-03;37
Sjælland;2021-07-03;46
Syddanmark;2021-07-03;32
Hovedstaden;2021-07-04;226
Midtjylland;2021-07-04;64
Nordjylland;2021-07-04;28
Sjælland;2021-07-04;39
Syddanmark;2021-07-04;45
Hovedstaden;2021-07-05;307
Midtjylland;2021-07-05;146
Nordjylland;2021-07-05;46
Sjælland;2021-07-05;58
Syddanmark;2021-07-05;110
Hovedstaden;2021-07-06;346
Midtjylland;2021-07-06;111
Nordjylland;2021-07-06;34
Sjælland;2021-07-06;50
Syddanmark;2021-07-06;107
Hovedstaden;2021-07-07;293
Midtjylland;2021-07-07;143
Nordjylland;2021-07-07;36
Sjælland;2021-07-07;55
Syddanmark;2021-07-07;82
Hovedstaden;2021-07-08;265
Midtjylland;2021-07-08;120
Nordjylland;2021-07-08;35
Sjælland;2021-07-08;53
Syddanmark;2021-07-08;60
Hovedstaden;2021-07-09;297
Midtjylland;2021-07-09;128
Nordjylland;2021-07-09;27
Sjælland;2021-07-09;48
Syddanmark;2021-07-09;59
Hovedstaden;2021-07-10;349
Midtjylland;2021-07-10;129
Nordjylland;2021-07-10;33
Sjælland;2021-07-10;60
Syddanmark;2021-07-10;77
Hovedstaden;2021-07-11;476
Midtjylland;2021-07-11;209
Nordjylland;2021-07-11;41
Sjælland;2021-07-11;63
Syddanmark;2021-07-11;125
Hovedstaden;2021-07-12;568
Midtjylland;2021-07-12;262
Nordjylland;2021-07-12;45
Sjælland;2021-07-12;83
Syddanmark;2021-07-12;140
Hovedstaden;2021-07-13;622
Midtjylland;2021-07-13;265
Nordjylland;2021-07-13;52
Sjælland;2021-07-13;96
Syddanmark;2021-07-13;156
Hovedstaden;2021-07-14;607
Midtjylland;2021-07-14;298
Nordjylland;2021-07-14;46
Sjælland;2021-07-14;102
Syddanmark;2021-07-14;130
Hovedstaden;2021-07-15;549
Midtjylland;2021-07-15;239
Nordjylland;2021-07-15;45
Sjælland;2021-07-15;74
Syddanmark;2021-07-15;120
Hovedstaden;2021-07-16;401
Midtjylland;2021-07-16;196
Nordjylland;2021-07-16;33
Sjælland;2021-07-16;80
Syddanmark;2021-07-16;90
Hovedstaden;2021-07-17;384
Midtjylland;2021-07-17;171
Nordjylland;2021-07-17;43
Sjælland;2021-07-17;73
Syddanmark;2021-07-17;101
Hovedstaden;2021-07-18;320
Midtjylland;2021-07-18;159
Nordjylland;2021-07-18;39
Sjælland;2021-07-18;89
Syddanmark;2021-07-18;100
Hovedstaden;2021-07-19;386
Midtjylland;2021-07-19;237
Nordjylland;2021-07-19;60
Sjælland;2021-07-19;73
Syddanmark;2021-07-19;94
Hovedstaden;2021-07-20;389
Midtjylland;2021-07-20;193
Nordjylland;2021-07-20;35
Sjælland;2021-07-20;60
Syddanmark;2021-07-20;121
Hovedstaden;2021-07-21;367
Midtjylland;2021-07-21;199
Nordjylland;2021-07-21;60
Sjælland;2021-07-21;66
Syddanmark;2021-07-21;100
Hovedstaden;2021-07-22;295
Midtjylland;2021-07-22;181
Nordjylland;2021-07-22;49
Sjælland;2021-07-22;69
Syddanmark;2021-07-22;99
Hovedstaden;2021-07-23;296
Midtjylland;2021-07-23;193
Nordjylland;2021-07-23;46
Sjælland;2021-07-23;61
Syddanmark;2021-07-23;124
Hovedstaden;2021-07-24;263
Midtjylland;2021-07-24;182
Nordjylland;2021-07-24;58
Sjælland;2021-07-24;49
Syddanmark;2021-07-24;76
Hovedstaden;2021-07-25;342
Midtjylland;2021-07-25;199
Nordjylland;2021-07-25;55
Sjælland;2021-07-25;52
Syddanmark;2021-07-25;115
Hovedstaden;2021-07-26;399
Midtjylland;2021-07-26;274
Nordjylland;2021-07-26;108
Sjælland;2021-07-26;89
Syddanmark;2021-07-26;147
Hovedstaden;2021-07-27;392
Midtjylland;2021-07-27;249
Nordjylland;2021-07-27;125
Sjælland;2021-07-27;71
Syddanmark;2021-07-27;115
Hovedstaden;2021-07-28;373
Midtjylland;2021-07-28;214
Nordjylland;2021-07-28;160
Sjælland;2021-07-28;67
Syddanmark;2021-07-28;155
Hovedstaden;2021-07-29;308
Midtjylland;2021-07-29;221
Nordjylland;2021-07-29;126
Sjælland;2021-07-29;61
Syddanmark;2021-07-29;159
Hovedstaden;2021-07-30;330
Midtjylland;2021-07-30;209
Nordjylland;2021-07-30;89
Sjælland;2021-07-30;77
Syddanmark;2021-07-30;122
Hovedstaden;2021-07-31;282
Midtjylland;2021-07-31;178
Nordjylland;2021-07-31;115
Sjælland;2021-07-31;55
Syddanmark;2021-07-31;109
Hovedstaden;2021-08-01;326
Midtjylland;2021-08-01;180
Nordjylland;2021-08-01;115
Sjælland;2021-08-01;75
Syddanmark;2021-08-01;126
Hovedstaden;2021-08-02;334
Midtjylland;2021-08-02;227
Nordjylland;2021-08-02;113
Sjælland;2021-08-02;78
Syddanmark;2021-08-02;144
Hovedstaden;2021-08-03;301
Midtjylland;2021-08-03;239
Nordjylland;2021-08-03;86
Sjælland;2021-08-03;92
Syddanmark;2021-08-03;149
Hovedstaden;2021-08-04;346
Midtjylland;2021-08-04;213
Nordjylland;2021-08-04;112
Sjælland;2021-08-04;67
Syddanmark;2021-08-04;171
Hovedstaden;2021-08-05;351
Midtjylland;2021-08-05;200
Nordjylland;2021-08-05;120
Sjælland;2021-08-05;73
Syddanmark;2021-08-05;177
Hovedstaden;2021-08-06;367
Midtjylland;2021-08-06;202
Nordjylland;2021-08-06;109
Sjælland;2021-08-06;87
Syddanmark;2021-08-06;139
Hovedstaden;2021-08-07;371
Midtjylland;2021-08-07;187
Nordjylland;2021-08-07;89
Sjælland;2021-08-07;60
Syddanmark;2021-08-07;124
Hovedstaden;2021-08-08;386
Midtjylland;2021-08-08;227
Nordjylland;2021-08-08;115
Sjælland;2021-08-08;86
Syddanmark;2021-08-08;154
Hovedstaden;2021-08-09;466
Midtjylland;2021-08-09;197
Nordjylland;2021-08-09;118
Sjælland;2021-08-09;121
Syddanmark;2021-08-09;173
Hovedstaden;2021-08-10;408
Midtjylland;2021-08-10;253
Nordjylland;2021-08-10;112
Sjælland;2021-08-10;109
Syddanmark;2021-08-10;177
Hovedstaden;2021-08-11;386
Midtjylland;2021-08-11;231
Nordjylland;2021-08-11;102
Sjælland;2021-08-11;123
Syddanmark;2021-08-11;133
Hovedstaden;2021-08-12;374
Midtjylland;2021-08-12;252
Nordjylland;2021-08-12;110
Sjælland;2021-08-12;112
Syddanmark;2021-08-12;142
Hovedstaden;2021-08-13;392
Midtjylland;2021-08-13;204
Nordjylland;2021-08-13;104
Sjælland;2021-08-13;123
Syddanmark;2021-08-13;130
Hovedstaden;2021-08-14;320
Midtjylland;2021-08-14;197
Nordjylland;2021-08-14;77
Sjælland;2021-08-14;73
Syddanmark;2021-08-14;147
Hovedstaden;2021-08-15;388
Midtjylland;2021-08-15;240
Nordjylland;2021-08-15;67
Sjælland;2021-08-15;73
Syddanmark;2021-08-15;162
Hovedstaden;2021-08-16;416
Midtjylland;2021-08-16;249
Nordjylland;2021-08-16;100
Sjælland;2021-08-16;98
Syddanmark;2021-08-16;222
Hovedstaden;2021-08-17;364
Midtjylland;2021-08-17;244
Nordjylland;2021-08-17;105
Sjælland;2021-08-17;85
Syddanmark;2021-08-17;213
Hovedstaden;2021-08-18;417
Midtjylland;2021-08-18;208
Nordjylland;2021-08-18;84
Sjælland;2021-08-18;88
Syddanmark;2021-08-18;170
Hovedstaden;2021-08-19;426
Midtjylland;2021-08-19;220
Nordjylland;2021-08-19;95
Sjælland;2021-08-19;91
Syddanmark;2021-08-19;179
Hovedstaden;2021-08-20;467
Midtjylland;2021-08-20;194
Nordjylland;2021-08-20;82
Sjælland;2021-08-20;100
Syddanmark;2021-08-20;137
Hovedstaden;2021-08-21;434
Midtjylland;2021-08-21;112
Nordjylland;2021-08-21;55
Sjælland;2021-08-21;59
Syddanmark;2021-08-21;98
Hovedstaden;2021-08-22;527
Midtjylland;2021-08-22;169
Nordjylland;2021-08-22;61
Sjælland;2021-08-22;72
Syddanmark;2021-08-22;145
Hovedstaden;2021-08-23;498
Midtjylland;2021-08-23;203
Nordjylland;2021-08-23;69
Sjælland;2021-08-23;96
Syddanmark;2021-08-23;169
Hovedstaden;2021-08-24;553
Midtjylland;2021-08-24;152
Nordjylland;2021-08-24;62
Sjælland;2021-08-24;80
Syddanmark;2021-08-24;162
Hovedstaden;2021-08-25;500
Midtjylland;2021-08-25;148
Nordjylland;2021-08-25;50
Sjælland;2021-08-25;98
Syddanmark;2021-08-25;150
Hovedstaden;2021-08-26;486
Midtjylland;2021-08-26;196
Nordjylland;2021-08-26;75
Sjælland;2021-08-26;80
Syddanmark;2021-08-26;175
Hovedstaden;2021-08-27;354
Midtjylland;2021-08-27;143
Nordjylland;2021-08-27;42
Sjælland;2021-08-27;74
Syddanmark;2021-08-27;120
Hovedstaden;2021-08-28;369
Midtjylland;2021-08-28;117
Nordjylland;2021-08-28;31
Sjælland;2021-08-28;61
Syddanmark;2021-08-28;85
Hovedstaden;2021-08-29;425
Midtjylland;2021-08-29;122
Nordjylland;2021-08-29;37
Sjælland;2021-08-29;73
Syddanmark;2021-08-29;110
Hovedstaden;2021-08-30;439
Midtjylland;2021-08-30;146
Nordjylland;2021-08-30;61
Sjælland;2021-08-30;96
Syddanmark;2021-08-30;156
Hovedstaden;2021-08-31;405
Midtjylland;2021-08-31;148
Nordjylland;2021-08-31;52
Sjælland;2021-08-31;69
Syddanmark;2021-08-31;130
Hovedstaden;2021-09-01;394
Midtjylland;2021-09-01;114
Nordjylland;2021-09-01;38
Sjælland;2021-09-01;78
Syddanmark;2021-09-01;87
Hovedstaden;2021-09-02;308
Midtjylland;2021-09-02;82
Nordjylland;2021-09-02;36
Sjælland;2021-09-02;79
Syddanmark;2021-09-02;76
Hovedstaden;2021-09-03;274
Midtjylland;2021-09-03;105
Nordjylland;2021-09-03;25
Sjælland;2021-09-03;55
Syddanmark;2021-09-03;72
Hovedstaden;2021-09-04;235
Midtjylland;2021-09-04;74
Nordjylland;2021-09-04;16
Sjælland;2021-09-04;31
Syddanmark;2021-09-04;60
Hovedstaden;2021-09-05;276
Midtjylland;2021-09-05;69
Nordjylland;2021-09-05;20
Sjælland;2021-09-05;49
Syddanmark;2021-09-05;53
Hovedstaden;2021-09-06;316
Midtjylland;2021-09-06;66
Nordjylland;2021-09-06;25
Sjælland;2021-09-06;102
Syddanmark;2021-09-06;76
Hovedstaden;2021-09-07;319
Midtjylland;2021-09-07;99
Nordjylland;2021-09-07;16
Sjælland;2021-09-07;92
Syddanmark;2021-09-07;82
Hovedstaden;2021-09-08;267
Midtjylland;2021-09-08;74
Nordjylland;2021-09-08;28
Sjælland;2021-09-08;65
Syddanmark;2021-09-08;59
Hovedstaden;2021-09-09;209
Midtjylland;2021-09-09;91
Nordjylland;2021-09-09;28
Sjælland;2021-09-09;88
Syddanmark;2021-09-09;69
Hovedstaden;2021-09-10;173
Midtjylland;2021-09-10;68
Nordjylland;2021-09-10;17
Sjælland;2021-09-10;62
Syddanmark;2021-09-10;57
Hovedstaden;2021-09-11;167
Midtjylland;2021-09-11;54
Nordjylland;2021-09-11;10
Sjælland;2021-09-11;42
Syddanmark;2021-09-11;32
Hovedstaden;2021-09-12;190
Midtjylland;2021-09-12;42
Nordjylland;2021-09-12;19
Sjælland;2021-09-12;50
Syddanmark;2021-09-12;27
Hovedstaden;2021-09-13;193
Midtjylland;2021-09-13;62
Nordjylland;2021-09-13;38
Sjælland;2021-09-13;65
Syddanmark;2021-09-13;47
Hovedstaden;2021-09-14;180
Midtjylland;2021-09-14;47
Nordjylland;2021-09-14;23
Sjælland;2021-09-14;43
Syddanmark;2021-09-14;50
Hovedstaden;2021-09-15;154
Midtjylland;2021-09-15;54
Nordjylland;2021-09-15;27
Sjælland;2021-09-15;40
Syddanmark;2021-09-15;40
Hovedstaden;2021-09-16;141
Midtjylland;2021-09-16;43
Nordjylland;2021-09-16;23
Sjælland;2021-09-16;36
Syddanmark;2021-09-16;59
Hovedstaden;2021-09-17;145
Midtjylland;2021-09-17;46
Nordjylland;2021-09-17;15
Sjælland;2021-09-17;36
Syddanmark;2021-09-17;67
Hovedstaden;2021-09-18;90
Midtjylland;2021-09-18;44
Nordjylland;2021-09-18;10
Sjælland;2021-09-18;31
Syddanmark;2021-09-18;31
Hovedstaden;2021-09-19;122
Midtjylland;2021-09-19;53
Nordjylland;2021-09-19;17
Sjælland;2021-09-19;23
Syddanmark;2021-09-19;54
Hovedstaden;2021-09-20;142
Midtjylland;2021-09-20;61
Nordjylland;2021-09-20;30
Sjælland;2021-09-20;73
Syddanmark;2021-09-20;72
Hovedstaden;2021-09-21;122
Midtjylland;2021-09-21;61
Nordjylland;2021-09-21;29
Sjælland;2021-09-21;58
Syddanmark;2021-09-21;68
Hovedstaden;2021-09-22;138
Midtjylland;2021-09-22;64
Nordjylland;2021-09-22;54
Sjælland;2021-09-22;50
Syddanmark;2021-09-22;50
Hovedstaden;2021-09-23;143
Midtjylland;2021-09-23;58
Nordjylland;2021-09-23;57
Sjælland;2021-09-23;54
Syddanmark;2021-09-23;55
Hovedstaden;2021-09-24;142
Midtjylland;2021-09-24;43
Nordjylland;2021-09-24;42
Sjælland;2021-09-24;58
Syddanmark;2021-09-24;64
Hovedstaden;2021-09-25;173
Midtjylland;2021-09-25;29
Nordjylland;2021-09-25;28
Sjælland;2021-09-25;58
Syddanmark;2021-09-25;45
Hovedstaden;2021-09-26;170
Midtjylland;2021-09-26;27
Nordjylland;2021-09-26;47
Sjælland;2021-09-26;49
Syddanmark;2021-09-26;58
Hovedstaden;2021-09-27;237
Midtjylland;2021-09-27;47
Nordjylland;2021-09-27;44
Sjælland;2021-09-27;88
Syddanmark;2021-09-27;66
Hovedstaden;2021-09-28;273
Midtjylland;2021-09-28;74
Nordjylland;2021-09-28;40
Sjælland;2021-09-28;55
Syddanmark;2021-09-28;86
Hovedstaden;2021-09-29;231
Midtjylland;2021-09-29;50
Nordjylland;2021-09-29;26
Sjælland;2021-09-29;43
Syddanmark;2021-09-29;57
Hovedstaden;2021-09-30;217
Midtjylland;2021-09-30;44
Nordjylland;2021-09-30;31
Sjælland;2021-09-30;62
Syddanmark;2021-09-30;87
Hovedstaden;2021-10-01;219
Midtjylland;2021-10-01;36
Nordjylland;2021-10-01;15
Sjælland;2021-10-01;66
Syddanmark;2021-10-01;58
Hovedstaden;2021-10-02;165
Midtjylland;2021-10-02;47
Nordjylland;2021-10-02;21
Sjælland;2021-10-02;51
Syddanmark;2021-10-02;39
Hovedstaden;2021-10-03;239
Midtjylland;2021-10-03;59
Nordjylland;2021-10-03;19
Sjælland;2021-10-03;44
Syddanmark;2021-10-03;43
Hovedstaden;2021-10-04;256
Midtjylland;2021-10-04;68
Nordjylland;2021-10-04;34
Sjælland;2021-10-04;88
Syddanmark;2021-10-04;100
Hovedstaden;2021-10-05;282
Midtjylland;2021-10-05;72
Nordjylland;2021-10-05;26
Sjælland;2021-10-05;79
Syddanmark;2021-10-05;99
Hovedstaden;2021-10-06;345
Midtjylland;2021-10-06;92
Nordjylland;2021-10-06;35
Sjælland;2021-10-06;55
Syddanmark;2021-10-06;97
Hovedstaden;2021-10-07;319
Midtjylland;2021-10-07;84
Nordjylland;2021-10-07;50
Sjælland;2021-10-07;91
Syddanmark;2021-10-07;109
Hovedstaden;2021-10-08;295
Midtjylland;2021-10-08;96
Nordjylland;2021-10-08;35
Sjælland;2021-10-08;98
Syddanmark;2021-10-08;74
Hovedstaden;2021-10-09;238
Midtjylland;2021-10-09;78
Nordjylland;2021-10-09;23
Sjælland;2021-10-09;63
Syddanmark;2021-10-09;65
Hovedstaden;2021-10-10;315
Midtjylland;2021-10-10;74
Nordjylland;2021-10-10;20
Sjælland;2021-10-10;57
Syddanmark;2021-10-10;85
Hovedstaden;2021-10-11;356
Midtjylland;2021-10-11;107
Nordjylland;2021-10-11;37
Sjælland;2021-10-11;125
Syddanmark;2021-10-11;125
Hovedstaden;2021-10-12;410
Midtjylland;2021-10-12;78
Nordjylland;2021-10-12;38
Sjælland;2021-10-12;124
Syddanmark;2021-10-12;106
Hovedstaden;2021-10-13;420
Midtjylland;2021-10-13;90
Nordjylland;2021-10-13;48
Sjælland;2021-10-13;98
Syddanmark;2021-10-13;89
Hovedstaden;2021-10-14;385
Midtjylland;2021-10-14;83
Nordjylland;2021-10-14;54
Sjælland;2021-10-14;129
Syddanmark;2021-10-14;119
Hovedstaden;2021-10-15;354
Midtjylland;2021-10-15;89
Nordjylland;2021-10-15;28
Sjælland;2021-10-15;100
Syddanmark;2021-10-15;80
Hovedstaden;2021-10-16;329
Midtjylland;2021-10-16;67
Nordjylland;2021-10-16;53
Sjælland;2021-10-16;80
Syddanmark;2021-10-16;68
Hovedstaden;2021-10-17;408
Midtjylland;2021-10-17;56
Nordjylland;2021-10-17;74
Sjælland;2021-10-17;98
Syddanmark;2021-10-17;75
Hovedstaden;2021-10-18;493
Midtjylland;2021-10-18;90
Nordjylland;2021-10-18;71
Sjælland;2021-10-18;175
Syddanmark;2021-10-18;128
Hovedstaden;2021-10-19;631
Midtjylland;2021-10-19;117
Nordjylland;2021-10-19;80
Sjælland;2021-10-19;163
Syddanmark;2021-10-19;127
Hovedstaden;2021-10-20;718
Midtjylland;2021-10-20;143
Nordjylland;2021-10-20;87
Sjælland;2021-10-20;153
Syddanmark;2021-10-20;171
Hovedstaden;2021-10-21;757
Midtjylland;2021-10-21;157
Nordjylland;2021-10-21;105
Sjælland;2021-10-21;246
Syddanmark;2021-10-21;129
Hovedstaden;2021-10-22;702
Midtjylland;2021-10-22;167
Nordjylland;2021-10-22;85
Sjælland;2021-10-22;135
Syddanmark;2021-10-22;146
Hovedstaden;2021-10-23;681
Midtjylland;2021-10-23;162
Nordjylland;2021-10-23;83
Sjælland;2021-10-23;126
Syddanmark;2021-10-23;143
Hovedstaden;2021-10-24;778
Midtjylland;2021-10-24;181
Nordjylland;2021-10-24;102
Sjælland;2021-10-24;186
Syddanmark;2021-10-24;186
Hovedstaden;2021-10-25;825
Midtjylland;2021-10-25;186
Nordjylland;2021-10-25;85
Sjælland;2021-10-25;289
Syddanmark;2021-10-25;227
Hovedstaden;2021-10-26;1051
Midtjylland;2021-10-26;173
Nordjylland;2021-10-26;102
Sjælland;2021-10-26;328
Syddanmark;2021-10-26;244
Hovedstaden;2021-10-27;1013
Midtjylland;2021-10-27;226
Nordjylland;2021-10-27;91
Sjælland;2021-10-27;233
Syddanmark;2021-10-27;252
Hovedstaden;2021-10-28;932
Midtjylland;2021-10-28;217
Nordjylland;2021-10-28;82
Sjælland;2021-10-28;283
Syddanmark;2021-10-28;249
Hovedstaden;2021-10-29;814
Midtjylland;2021-10-29;212
Nordjylland;2021-10-29;89
Sjælland;2021-10-29;293
Syddanmark;2021-10-29;203
Hovedstaden;2021-10-30;774
Midtjylland;2021-10-30;185
Nordjylland;2021-10-30;87
Sjælland;2021-10-30;176
Syddanmark;2021-10-30;177
Hovedstaden;2021-10-31;865
Midtjylland;2021-10-31;230
Nordjylland;2021-10-31;120
Sjælland;2021-10-31;223
Syddanmark;2021-10-31;262
Hovedstaden;2021-11-01;1062
Midtjylland;2021-11-01;280
Nordjylland;2021-11-01;144
Sjælland;2021-11-01;392
Syddanmark;2021-11-01;313
Hovedstaden;2021-11-02;1179
Midtjylland;2021-11-02;284
Nordjylland;2021-11-02;147
Sjælland;2021-11-02;364
Syddanmark;2021-11-02;338
Hovedstaden;2021-11-03;1115
Midtjylland;2021-11-03;342
Nordjylland;2021-11-03;170
Sjælland;2021-11-03;341
Syddanmark;2021-11-03;326
Hovedstaden;2021-11-04;1084
Midtjylland;2021-11-04;324
Nordjylland;2021-11-04;148
Sjælland;2021-11-04;457
Syddanmark;2021-11-04;327
Hovedstaden;2021-11-05;1006
Midtjylland;2021-11-05;363
Nordjylland;2021-11-05;146
Sjælland;2021-11-05;354
Syddanmark;2021-11-05;336
Hovedstaden;2021-11-06;1025
Midtjylland;2021-11-06;280
Nordjylland;2021-11-06;136
Sjælland;2021-11-06;252
Syddanmark;2021-11-06;261
Hovedstaden;2021-11-07;1249
Midtjylland;2021-11-07;433
Nordjylland;2021-11-07;211
Sjælland;2021-11-07;305
Syddanmark;2021-11-07;372
Hovedstaden;2021-11-08;1427
Midtjylland;2021-11-08;539
Nordjylland;2021-11-08;251
Sjælland;2021-11-08;595
Syddanmark;2021-11-08;502
Hovedstaden;2021-11-09;1621
Midtjylland;2021-11-09;568
Nordjylland;2021-11-09;263
Sjælland;2021-11-09;532
Syddanmark;2021-11-09;545
Hovedstaden;2021-11-10;1684
Midtjylland;2021-11-10;580
Nordjylland;2021-11-10;275
Sjælland;2021-11-10;440
Syddanmark;2021-11-10;500
Hovedstaden;2021-11-11;1564
Midtjylland;2021-11-11;472
Nordjylland;2021-11-11;222
Sjælland;2021-11-11;603
Syddanmark;2021-11-11;551
Hovedstaden;2021-11-12;1323
Midtjylland;2021-11-12;441
Nordjylland;2021-11-12;246
Sjælland;2021-11-12;476
Syddanmark;2021-11-12;460
Hovedstaden;2021-11-13;1437
Midtjylland;2021-11-13;481
Nordjylland;2021-11-13;232
Sjælland;2021-11-13;316
Syddanmark;2021-11-13;410
Hovedstaden;2021-11-14;1541
Midtjylland;2021-11-14;470
Nordjylland;2021-11-14;247
Sjælland;2021-11-14;337
Syddanmark;2021-11-14;450
Hovedstaden;2021-11-15;1904
Midtjylland;2021-11-15;641
Nordjylland;2021-11-15;359
Sjælland;2021-11-15;791
Syddanmark;2021-11-15;768
Hovedstaden;2021-11-16;1815
Midtjylland;2021-11-16;586
Nordjylland;2021-11-16;313
Sjælland;2021-11-16;664
Syddanmark;2021-11-16;702
Hovedstaden;2021-11-17;1816
Midtjylland;2021-11-17;583
Nordjylland;2021-11-17;356
Sjælland;2021-11-17;468
Syddanmark;2021-11-17;674
Hovedstaden;2021-11-18;1898
Midtjylland;2021-11-18;586
Nordjylland;2021-11-18;294
Sjælland;2021-11-18;689
Syddanmark;2021-11-18;662
Hovedstaden;2021-11-19;1899
Midtjylland;2021-11-19;498
Nordjylland;2021-11-19;284
Sjælland;2021-11-19;642
Syddanmark;2021-11-19;738
Hovedstaden;2021-11-20;1812
Midtjylland;2021-11-20;605
Nordjylland;2021-11-20;293
Sjælland;2021-11-20;391
Syddanmark;2021-11-20;579
Hovedstaden;2021-11-21;1749
Midtjylland;2021-11-21;578
Nordjylland;2021-11-21;250
Sjælland;2021-11-21;465
Syddanmark;2021-11-21;600
Hovedstaden;2021-11-22;2011
Midtjylland;2021-11-22;605
Nordjylland;2021-11-22;308
Sjælland;2021-11-22;809
Syddanmark;2021-11-22;713
Hovedstaden;2021-11-23;2034
Midtjylland;2021-11-23;657
Nordjylland;2021-11-23;314
Sjælland;2021-11-23;796
Syddanmark;2021-11-23;850
Hovedstaden;2021-11-24;1883
Midtjylland;2021-11-24;599
Nordjylland;2021-11-24;288
Sjælland;2021-11-24;499
Syddanmark;2021-11-24;691
Hovedstaden;2021-11-25;1790
Midtjylland;2021-11-25;584
Nordjylland;2021-11-25;263
Sjælland;2021-11-25;699
Syddanmark;2021-11-25;697
Hovedstaden;2021-11-26;1912
Midtjylland;2021-11-26;621
Nordjylland;2021-11-26;273
Sjælland;2021-11-26;661
Syddanmark;2021-11-26;630
Hovedstaden;2021-11-27;1831
Midtjylland;2021-11-27;695
Nordjylland;2021-11-27;286
Sjælland;2021-11-27;400
Syddanmark;2021-11-27;584
Hovedstaden;2021-11-28;1888
Midtjylland;2021-11-28;706
Nordjylland;2021-11-28;285
Sjælland;2021-11-28;411
Syddanmark;2021-11-28;545
Hovedstaden;2021-11-29;2152
Midtjylland;2021-11-29;738
Nordjylland;2021-11-29;355
Sjælland;2021-11-29;941
Syddanmark;2021-11-29;831
Hovedstaden;2021-11-30;2321
Midtjylland;2021-11-30;834
Nordjylland;2021-11-30;339
Sjælland;2021-11-30;936
Syddanmark;2021-11-30;916
Hovedstaden;2021-12-01;2055
Midtjylland;2021-12-01;789
Nordjylland;2021-12-01;301
Sjælland;2021-12-01;526
Syddanmark;2021-12-01;793
Hovedstaden;2021-12-02;1956
Midtjylland;2021-12-02;752
Nordjylland;2021-12-02;176
Sjælland;2021-12-02;781
Syddanmark;2021-12-02;842
Hovedstaden;2021-12-03;2285
Midtjylland;2021-12-03;847
Nordjylland;2021-12-03;376
Sjælland;2021-12-03;814
Syddanmark;2021-12-03;780
Hovedstaden;2021-12-04;2368
Midtjylland;2021-12-04;899
Nordjylland;2021-12-04;438
Sjælland;2021-12-04;513
Syddanmark;2021-12-04;822
Hovedstaden;2021-12-05;2206
Midtjylland;2021-12-05;879
Nordjylland;2021-12-05;385
Sjælland;2021-12-05;612
Syddanmark;2021-12-05;669
Hovedstaden;2021-12-06;2957
Midtjylland;2021-12-06;1193
Nordjylland;2021-12-06;463
Sjælland;2021-12-06;1281
Syddanmark;2021-12-06;1099
Hovedstaden;2021-12-07;3109
Midtjylland;2021-12-07;1233
Nordjylland;2021-12-07;473
Sjælland;2021-12-07;1240
Syddanmark;2021-12-07;1109
Hovedstaden;2021-12-08;2858
Midtjylland;2021-12-08;1225
Nordjylland;2021-12-08;510
Sjælland;2021-12-08;832
Syddanmark;2021-12-08;1033
Hovedstaden;2021-12-09;985
Midtjylland;2021-12-09;311
Nordjylland;2021-12-09;64
Sjælland;2021-12-09;232
Syddanmark;2021-12-09;232
Hovedstaden;2021-12-10;2
